{
    "request_number": [
        4.21468, 1.36696, 4.74503, 0.84783, 2.27401, 4.23891, 3.20341, 3.50752, 2.68271, 3.83199, 2.59433, 4.47171, 0.23354, 0.35184, 4.38523, 1.72228, 2.74259, 1.46932, 1.30073, 3.02437
    ],
    "predicted_processing_time": [
        9.237252235412598, 1.7317898273468018, 11.619933128356934, 0.7313107252120972, 3.8897886276245117, 9.237252235412598, 6.260684967041016, 7.240908145904541, 4.972780227661133,
        7.994510173797607, 4.716846466064453, 10.424696922302246, 0.6044009923934937, 0.6044009923934937, 10.424696922302246, 2.3726353645324707, 4.972780227661133, 1.9338699579238892,
        1.7317898273468018, 5.870300769805908
    ],
    "real_processing_time": [
        9.916339893010445, 1.8823557529831305, 11.719909888983238, 0.9522295699862298, 3.9642635789932683, 9.942603697010782, 6.570887448004214, 7.502719412004808, 5.066995619010413, 8.55297565899673,
        4.830954509990988, 10.744671099993866, 0.150689333997434, 0.25932621100218967, 10.44617477201973, 2.6489973700081464, 5.227945387014188, 2.092812574992422, 1.7646045040164609,
        6.026498302991968
    ],
    "predicted_processing_time + predicted_waiting_time": [
        -593.8277488946915, -599.6014214754105, -578.0933450460434, -588.2506567239761, -581.2023901939392, -566.6176743507385, -563.3335566520691, -555.112425327301, -552.4077730178833,
        -541.3915328979492, -539.9523501396179, -523.8198027610779, -533.0356976985931, -532.4312967061996, -512.1863038539886, -517.865730047226, -510.29280495643616, -511.3978452682495,
        -509.8681355714798, -499.8593238592148
    ],
    "response_time": [
        9.938023099995917, 11.807389599998714, 23.525140500001726, 24.474116199999116, 28.435256800003117, 38.397859700009576, 44.96607779999613, 52.46640559998923, 57.53008389999741,
        66.08046190001187, 70.8933054000081, 81.64900560000387, 81.79603610000049, 82.07510519999778, 92.53492049999477, 95.1836370999954, 100.40921600000001, 102.49946409999393, 104.26126110000769,
        110.30110719999357
    ],
    "waiting_jobs": [0, 0, 1, 2, 3, 4, 5, 6, 7, 8, 9, 10, 11, 12, 13, 14, 15, 16, 17, 18],
    "real_waiting_time": [
        -0.0013179779052734375, 9.905468940734863, 11.785500764846802, 23.502082586288452, 24.451366662979126, 28.435205459594727, 38.375447511672974, 44.94254755973816, 52.44332981109619,
        57.506266832351685, 66.04287528991699, 70.88472199440002, 81.62537503242493, 81.77482151985168, 82.0686388015747, 92.51422762870789, 95.16122317314148, 100.3858699798584, 102.47657823562622,
        104.25429677963257
    ]
}
