{"request_number": [0.69246, 3.22901, 3.83525, 4.36035, 2.895, 0.86326, 2.09005, 1.82736, 2.12747, 0.76649, 2.36933, 4.79382, 0.59295, 1.02693, 4.59425, 1.92272, 1.72916, 2.21981, 0.16792, 2.00382], "predicted_processing_time": [0.6044009923934937, 6.260684967041016, 7.994510173797607, 9.237252235412598, 5.506595134735107, 0.7313107252120972, 3.320652961730957, 2.3726353645324707, 3.5429999828338623, 0.7313107252120972, 3.8897886276245117, 11.619933128356934, 0.6044009923934937, 1.16096031665802, 10.87282657623291, 2.3726353645324707, 2.3726353645324707, 3.5429999828338623, 0.6044009923934937, 2.3726353645324707], "real_processing_time": [0.77379930097959, 6.657905241998378, 8.56919147199369, 10.356932637019781, 5.665106039989041, 0.9716732130036689, 3.5044828329992015, 2.8790951239934657, 3.600992663996294, 0.8124198470031843, 4.205024269002024, 11.906278407986974, 0.5753400420071557, 1.252127180021489, 11.192763613013085, 3.1125619309896138, 2.6406723149993923, 3.838420893996954, 0.08943905800697394, 3.298502881982131], "predicted_processing_time + predicted_waiting_time": [1.2088019847869873, 13.125770926475525, 22.854106307029724, 33.33410060405731, 35.11003863811493, 31.066064953804016, 36.97606015205383, 38.40067791938782, 42.50964152812958, 40.42926299571991, 47.477529525756836, 66.82760715484619, 56.416476011276245, 58.13399565219879, 78.71868848800659, 72.59113264083862, 74.9637680053711, 79.67713260650635, 77.34293460845947, 81.48380434513092], "response_time": [0.8024934999994002, 7.452162400004454, 16.017134499998065, 26.37068989999534, 32.03046219999669, 32.99716799998714, 36.49729369999841, 39.3713851999928, 42.98447229999874, 43.79243780000252, 47.99295189999975, 59.91337399999611, 60.482930899990606, 61.730418000006466, 72.91781430000265, 76.02617240000109, 78.66228489999776, 82.49740129998827, 82.581422999996, 85.87660210000467], "waiting_jobs": [0, 0, 1, 2, 3, 4, 5, 6, 7, 7, 8, 9, 10, 11, 12, 13, 14, 15, 16, 17], "real_waiting_time": [0.0011513233184814453, 0.7733242511749268, 7.427111625671387, 15.992488861083984, 26.344308853149414, 32.00565552711487, 32.972774505615234, 36.47073721885681, 39.361639976501465, 42.95864534378052, 43.76907658576965, 47.98690581321716, 59.887755393981934, 60.457940101623535, 61.701972007751465, 72.89329838752747, 76.00158262252808, 78.63788485527039, 82.47099304199219, 82.55773854255676]}