{
    "x_list": [
        [
            10,
            50,
            100,
            500,
            1000
        ]
    ],
    "y_lists": [
        [
            [
                34.84096097946167,
                215.09804916381836,
                427.44912910461426,
                1737.5838487148285,
                4208.507661819458
            ],
            [
                37.10998010635376,
                136.04509711265564,
                260.31035685539246,
                1299.7789826393127,
                4207.980150938034
            ],
            [
                48.495649099349976,
                126.29348397254944,
                271.3742847442627,
                2104.8276674747467,
                4210.818512916565
            ]
        ]
    ],
    "titles": [
        "Respons time comparison"
    ],
    "xlabels": [
        "Loops Index"
    ],
    "ylabels": [
        "Response Time"
    ],
    "smooth": false,
    "window_size": 2,
    "legends": [
        "round-robin",
        "min-entropy",
        "least-connect"
    ]
}