{
    "x_list": [
        [
            10,
            50,
            100,
            500,
            1000
        ]
    ],
    "y_lists": [
        [
            [
                35.021594524383545,
                215.0810296535492,
                355.35612535476685,
                1376.9683921337128,
                4246.2337193489075
            ],
            [
                27.307336568832397,
                215.12448382377625,
                433.68693494796753,
                1353.7011799812317,
                4244.267318248749
            ],
            [
                33.34357500076294,
                132.1466567516327,
                278.21192693710327,
                2123.8341183662415,
                2709.4401054382324
            ]
        ]
    ],
    "titles": [
        "Respons time comparison"
    ],
    "xlabels": [
        "Loops Index"
    ],
    "ylabels": [
        "Response Time"
    ],
    "smooth": false,
    "window_size": 2,
    "legends": [
        "round-robin",
        "min-entropy",
        "least-connect"
    ]
}