{
    "x_list": [
        [
            10,
            50,
            100,
            500,
            1000
        ]
    ],
    "y_lists": [
        [
            [
                41.61178421974182,
                214.35656833648682,
                353.7889449596405,
                1366.1973958015442,
                2724.240460395813
            ],
            [
                35.351524353027344,
                213.99678087234497,
                425.410523891449,
                2100.061170578003,
                2661.1235675811768
            ],
            [
                47.9572069644928,
                144.59993147850037,
                281.94784212112427,
                1321.5517659187317,
                4222.91149687767
            ]
        ]
    ],
    "titles": [
        "Respons time comparison"
    ],
    "xlabels": [
        "Loops Index"
    ],
    "ylabels": [
        "Response Time"
    ],
    "smooth": false,
    "window_size": 2,
    "legends": [
        "round-robin",
        "min-entropy",
        "least-connect"
    ]
}