{
    "x_list": [
        [
            10,
            50,
            100,
            500,
            1000
        ]
    ],
    "y_lists": [
        [
            [
                34.76715707778931,
                213.57130813598633,
                352.2340862751007,
                1739.678059577942,
                4229.333520650864
            ],
            [
                27.190486669540405,
                213.63415360450745,
                427.39173650741577,
                1348.535250902176,
                4230.969294548035
            ],
            [
                33.165290117263794,
                135.81964707374573,
                426.98776507377625,
                2115.271313905716,
                2678.896802186966
            ]
        ]
    ],
    "titles": [
        "Respons time comparison"
    ],
    "xlabels": [
        "Loops Index"
    ],
    "ylabels": [
        "Response Time"
    ],
    "smooth": false,
    "window_size": 2,
    "legends": [
        "round-robin",
        "min-entropy",
        "least-connect"
    ]
}