{
    "x_list": [
        [
            10,
            50,
            100,
            500,
            1000
        ]
    ],
    "y_lists": [
        [
            [
                41.54549217224121,
                215.39359283447266,
                355.44267749786377,
                1754.8724398612976,
                4248.395639181137
            ],
            [
                48.316869020462036,
                215.41620469093323,
                430.64161825180054,
                2124.6080498695374,
                4246.715619087219
            ],
            [
                48.3519766330719,
                145.23480248451233,
                272.9121210575104,
                2125.492686033249,
                2701.747494459152
            ]
        ]
    ],
    "titles": [
        "Respons time comparison"
    ],
    "xlabels": [
        "Loops Index"
    ],
    "ylabels": [
        "Response Time"
    ],
    "smooth": false,
    "window_size": 2,
    "legends": [
        "round-robin",
        "min-entropy",
        "least-connect"
    ]
}