{
    "x_list": [
        [
            5,
            6,
            10
        ]
    ],
    "y_lists": [
        [
            [
                10.055553197860718,
                10.068012952804565,
                17.82700824737549
            ],
            [
                10.134868621826172,
                10.160964488983154,
                17.797516584396362
            ],
            [
                10.065934419631958,
                10.079150676727295,
                17.770804405212402
            ],
            [
                10.051311254501343,
                9.999957799911499,
                17.879973649978638
            ]
        ]
    ],
    "titles": [
        "Respons time comparison"
    ],
    "xlabels": [
        "Loops Index"
    ],
    "ylabels": [
        "Response Time"
    ],
    "smooth": false,
    "window_size": 2,
    "legends": [
        "shortest",
        "round-robin",
        "min-entropy",
        "least-connect"
    ]
}