{
    "x_list": [
        [
            5,
            6,
            10
        ]
    ],
    "y_lists": [
        [
            [
                10.038342952728271,
                13.984557867050171,
                17.88947606086731
            ],
            [
                13.892333507537842,
                13.97045373916626,
                18.018990516662598
            ],
            [
                10.016525745391846,
                13.96055269241333,
                21.851032495498657
            ],
            [
                9.983551979064941,
                13.93995714187622,
                21.929332494735718
            ]
        ]
    ],
    "titles": [
        "Respons time comparison"
    ],
    "xlabels": [
        "Loops Index"
    ],
    "ylabels": [
        "Response Time"
    ],
    "smooth": false,
    "window_size": 2,
    "legends": [
        "shortest",
        "round-robin",
        "min-entropy",
        "least-connect"
    ]
}