{"request_number": [499083, 425959, 155456, 79335, 99678, 491634, 241511, 137969, 348154, 306117, 252443, 381602, 350742, 20386, 142040, 446204, 131995, 159120, 312645, 18138, 308941, 381979, 437379, 258093, 449900, 55454, 384212, 246723, 437743, 35502, 50836, 482758, 383502, 389711, 127884, 257130, 284976, 275985, 493287, 12539, 408450, 10522, 459786, 35308, 328162, 341029, 251588, 207333, 460574, 43625], "predicted_processing_time": [null, 16.628829956054688, 1.6529028415679932, 14.354976654052734, 4.406467437744141, 5.836461067199707, 9.325812339782715, 8.707589149475098, 1.6529028415679932, 14.354976654052734, 1.6529028415679932, 12.250503540039062, 1.6529028415679932, 15.906598091125488, 6.875646114349365, 7.534658908843994, 6.179233551025391, 2.2562365531921387, 12.867881774902344, 10.95799732208252, 15.276083946228027, 1.6529028415679932, 1.6529028415679932, 13.352946281433105, 5.836461067199707, 10.95799732208252, 1.6529028415679932, 14.133532524108887, 6.179233551025391, 13.352946281433105, 10.95799732208252, 8.026947021484375, 1.6529028415679932, 8.25406265258789, 3.028026580810547, 2.3502283096313477, 13.734254837036133, 2.5855257511138916, 1.6529028415679932, 9.667738914489746, 10.95799732208252, 5.836461067199707, 7.848217964172363, 9.517851829528809, 2.4367024898529053, 5.643658638000488, 15.79198932647705, 1.6529028415679932, 1.6529028415679932, 2.8723199367523193], "real_processing_time": [null, 12.668852476985194, 0.3756314869970083, 11.194134764984483, 3.462208679993637, 4.592537140008062, 7.192805749975378, 6.796536226000171, 0.2721238899976015, 11.163583207991906, 0.04877053099335171, 9.379803566989722, 0.061140219011576846, 12.412876888003666, 5.26409400900593, 5.528857411001809, 4.740477659011958, 1.7004859870066866, 8.755119843990542, 8.527669060014887, 12.00379105299362, 0.4595966180204414, 0.27761918198666535, 10.392367419990478, 4.44941844601999, 8.573224056017352, 0.5073769449954852, 10.829176859988365, 4.761974525987171, 10.382519158971263, 8.48884218398598, 6.208288130990695, 0.09862793202046305, 6.3295873799943365, 2.3385631979908794, 1.7896204300050158, 10.689547729998594, 1.9895655559957959, 0.11472588797914796, 7.4934938570077065, 8.482460205996176, 4.610722092009382, 6.142930970992893, 7.405037146992981, 1.905967724014772, 4.313784399011638, 12.34537869799533, 1.1905632359848823, 0.8462634379975498, 2.268549065978732], "response_time": [0.02688970000599511, 12.600365199992666, 12.973913999987417, 24.166387599994778, 27.624714200006565, 32.2131425000116, 39.401814800003194, 46.19756960000086, 46.46704300001147, 57.627032899996266, 57.672800300002564, 67.04971669999941, 67.10819159999664, 79.51900569999998, 84.7819174999895, 90.30983399999968, 95.04753239999991, 96.74507319999975, 105.49815059998946, 114.02498610000475, 126.02552200001082, 126.4842512000032, 126.75887700000021, 137.1486353999935, 141.5959853999957, 150.1668084999983, 150.6727830000018, 161.49981209999532, 166.25867399999697, 176.6386535999918, 185.12410570000065, 191.33070869999938, 191.42656000000716, 197.7568564000103, 200.1097951999982, 201.89914639999915, 212.58719349998864, 214.5743392000004, 214.68589739999152, 222.17557799999486, 230.65571200000704, 235.2645574000053, 241.40531480000936, 248.80700629999046, 250.70839569999953, 255.01932630001102, 267.36306840000907, 268.5512529999978, 269.3978053000028, 271.6643330000079], "waiting_jobs": [null, 0, 48, 47, 46, 45, 44, 43, 42, 41, 40, 39, 38, 37, 36, 35, 34, 33, 32, 31, 30, 29, 28, 27, 26, 25, 24, 23, 22, 21, 20, 19, 18, 17, 16, 15, 14, 13, 12, 11, 10, 9, 8, 7, 6, 5, 4, 3, 2, 1], "real_waiting_time": [null, 0.002596139907836914, 7.475550174713135, 8.066648960113525, 19.474278926849365, 23.15183925628662, 27.960161447525024, 35.3582980632782, 42.38443160057068, 42.87312841415405, 54.252787590026855, 54.51614785194397, 64.11039471626282, 64.38945317268372, 77.01819062232971, 82.49799823760986, 88.2414186000824, 93.19668674468994, 95.09448575973511, 104.06291437149048, 112.80607390403748, 125.02336549758911, 125.70031023025513, 126.19324827194214, 136.8024833202362, 141.46737337112427, 150.25654220581055, 150.98029828071594, 162.02477431297302, 167.001216173172, 177.6006133556366, 186.30353784561157, 192.72747325897217, 193.04028248786926, 199.58439683914185, 202.13964009284973, 204.14460802078247, 215.0495924949646, 217.25362539291382, 217.58330965042114, 225.29166960716248, 233.99111461639404, 238.81728601455688, 245.1772141456604, 252.79752683639526, 254.91823887825012, 259.4509530067444, 272.0132601261139, 273.4204795360565, 274.48227429389954], "user_cpu_time": [null, 10.14, 0.3100000000000005, 8.969999999999999, 2.780000000000001, 3.6900000000000013, 5.770000000000003, 5.460000000000001, 0.22999999999999687, 8.96, 0.05000000000000426, 7.519999999999996, 0.060000000000002274, 9.930000000000007, 4.22999999999999, 4.439999999999998, 3.8200000000000074, 1.3900000000000006, 7.010000000000005, 6.849999999999994, 9.61999999999999, 0.39000000000000057, 0.2400000000000091, 8.329999999999998, 3.5900000000000034, 6.8700000000000045, 0.4399999999999977, 8.670000000000002, 3.8300000000000125, 8.320000000000022, 6.810000000000002, 4.990000000000009, 0.09999999999999432, 5.070000000000022, 1.8899999999999864, 1.4499999999999886, 8.570000000000022, 1.6099999999999852, 0.12000000000000455, 6.02000000000001, 6.800000000000011, 3.710000000000008, 4.930000000000007, 5.9599999999999795, 1.5500000000000114, 3.4799999999999898, 9.869999999999976, 0.9800000000000182, 0.710000000000008, 1.829999999999984], "system_cpu_time": [null, 0.0, 0.0, 0.010000000000000009, 0.0, 0.0, 0.0, 0.0, 0.0, 0.0, 0.0, 0.0, 0.0, 0.0, 0.0, 0.0, 0.0, 0.0, 0.0, 0.0, 0.0, 0.0, 0.0, 0.0, 0.0, 0.0, 0.0, 0.010000000000000009, 0.0, 0.0, 0.0, 0.0, 0.0, 0.0, 0.0, 0.0, 0.0, 0.0, 0.0, 0.0, 0.0, 0.0, 0.0, 0.0, 0.0, 0.0, 0.010000000000000009, 0.0, 0.0, 0.0], "cpu_spent_usage": [null, 80.03881976225377, 82.52769289345264, 80.22058147887991, 80.29556439114208, 80.34774434058303, 80.21904386921271, 80.33503859087448, 84.5203263859061, 80.26096848174716, 102.52092602153573, 80.17225463510856, 98.13507535627461, 79.99757098692231, 80.35570779631234, 80.30592344749013, 80.58259683468685, 81.7413381010434, 80.06743625344687, 80.32675695775694, 80.14134832512653, 84.85702128962458, 86.44935781546133, 80.1549797400026, 80.68470168750396, 80.1332142390249, 86.72053477004418, 80.15382990069041, 80.42882168098207, 80.13469440902429, 80.22295446659288, 80.37642414002656, 101.39115557978707, 80.1000080356669, 80.81885499710825, 81.02276749242992, 80.17177355361459, 80.92218902503896, 104.5971420345992, 80.33635731041902, 80.16542176281773, 80.46461977028778, 80.25484940787415, 80.48575424662388, 81.3235177317199, 80.67162561015607, 80.02994676545899, 82.31398134760329, 83.89822460958825, 80.6683014903386]}