{
    "x_list": [
        [
            5,
            6,
            10
        ]
    ],
    "y_lists": [
        [
            [
                17.889377117156982,
                17.83864188194275,
                41.59051561355591
            ],
            [
                21.823074340820312,
                25.775646924972534,
                41.55168318748474
            ],
            [
                17.859543085098267,
                25.761824131011963,
                41.588385343551636
            ]
        ]
    ],
    "titles": [
        "Respons time comparison"
    ],
    "xlabels": [
        "Loops Index"
    ],
    "ylabels": [
        "Response Time"
    ],
    "smooth": false,
    "window_size": 2,
    "legends": [
        "round-robin",
        "min-entropy",
        "least-connect"
    ]
}