{
    "request_number": [
        455629, 89543, 126509, 396455, 92845, 95906, 374938, 210061, 405992, 135967, 117544, 98071, 105390, 347706, 106763, 348863, 254974, 322556, 62033, 275429, 485122, 138122, 491809, 256057,
        150645, 289455, 55359, 161490, 130633, 237122, 434056, 88964, 188103, 439447, 211617, 431604, 303794, 25373, 166301, 187352, 423675, 256711, 374823, 232094, 303953, 145580, 31711, 247489,
        134696, 108349
    ],
    "predicted_processing_time": [
        10.87282657623291, 0.7313107252120972, 1.7052487134933472, 7.994510173797607, 0.7313107252120972, 1.1415616273880005, 7.994510173797607, 3.320652961730957, 9.237252235412598,
        1.7317898273468018, 1.3407186269760132, 1.16096031665802, 1.16096031665802, 7.240908145904541, 1.16096031665802, 7.240908145904541, 4.6838531494140625, 6.260684967041016, 0.6044009923934937,
        4.972780227661133, 12.1029634475708, 1.7317898273468018, 12.1029634475708, 4.716846466064453, 1.9338699579238892, 5.506595134735107, 0.6044009923934937, 2.3726353645324707, 1.7317898273468018,
        3.8897886276245117, 9.237252235412598, 0.7313107252120972, 2.3726353645324707, 10.424696922302246, 3.5429999828338623, 9.237252235412598, 5.870300769805908, 0.6044009923934937,
        2.3726353645324707, 2.3726353645324707, 9.237252235412598, 4.716846466064453, 7.994510173797607, 3.8897886276245117, 5.870300769805908, 1.9338699579238892, 0.6044009923934937,
        3.8897886276245117, 1.7317898273468018, 1.16096031665802
    ],
    "real_processing_time": [
        11.104307563015027, 1.018728271999862, 1.6882325159967877, 8.991032600984909, 1.0822028600086924, 1.1190017729823012, 8.286085497995373, 3.547643615020206, 9.315191179019166,
        1.8765378750103991, 1.5130676779954229, 1.1711509180022404, 1.2982607329904567, 7.411314880009741, 1.3111246740154456, 7.460718974994961, 4.693141739000566, 6.624303020013031,
        0.6090750030125491, 5.268360668007517, 12.153236760001164, 1.922597354016034, 12.36967498899321, 4.725039237993769, 2.1782572550000623, 5.6479212529957294, 0.5289220300037414,
        2.400277194014052, 1.7739521009789314, 4.215346889017383, 10.281799927004613, 1.01137028701487, 3.0007768269861117, 10.474869707017206, 3.5794128800043836, 10.196318399015581,
        6.074098006996792, 0.1602169680118095, 2.521980618010275, 3.0000201539951377, 9.92095191901899, 4.732222452992573, 8.281809622974833, 4.0910313119820785, 6.079904258978786, 2.0738023490121122,
        0.22496513798250817, 4.495704942004522, 1.8560868990025483, 1.3327103410265408
    ],
    "response_time": [
        11.127449599996908, 12.136876999997185, 13.82181639999908, 22.809447000006912, 23.891298499991535, 25.007599500007927, 33.29055150000204, 36.83599599999434, 46.14901329998975,
        48.02271600000677, 49.53318769999896, 50.70003809999616, 51.99517749999359, 59.40387290000217, 60.71206190000521, 68.16819709999254, 72.8588543000078, 79.4807160999917, 80.08710420000716,
        85.35266509999929, 97.50485359999584, 99.42563120000705, 111.79399310000008, 116.51645180000924, 118.69355799999903, 124.35811030000332, 124.8833095000009, 127.2802992999932,
        129.05147040000884, 133.26390130000073, 143.5427742000029, 144.5512136000034, 147.5498280000029, 158.02245290001156, 161.60235210000246, 171.79330350000237, 177.86397819999547,
        178.02211279999756, 180.55816380000033, 183.57207050001307, 193.49034020000545, 198.2190585000062, 206.49781610000355, 210.58664199999475, 216.66371780000918, 218.73209929998848,
        218.95594669999264, 223.45070609998947, 225.3038446000137, 226.64873129999614
    ],
    "waiting_jobs": [
        0, 48, 47, 46, 45, 44, 43, 42, 41, 40, 39, 38, 37, 36, 35, 34, 33, 32, 31, 30, 29, 28, 27, 26, 25, 24, 23, 22, 21, 20, 19, 18, 17, 16, 15, 14, 13, 12, 11, 10, 9, 8, 7, 6, 5, 4, 3, 2, 1, 0
    ],
    "real_waiting_time": [
        0.0015981197357177734, 5.903353214263916, 7.121858358383179, 9.02736210823059, 18.232866048812866, 19.530821323394775, 20.86855387687683, 29.370064973831177, 33.13334631919861,
        42.66492009162903, 44.75804853439331, 46.486910820007324, 47.85752248764038, 49.355175256729126, 56.98142862319946, 58.507312536239624, 66.1873152256012, 71.09297442436218, 77.93287253379822,
        78.75768446922302, 84.23628687858582, 96.60666728019714, 98.75014114379883, 111.33546853065491, 116.27885413169861, 118.67505431175232, 124.5591344833374, 125.30272841453552,
        127.91937303543091, 129.90906739234924, 134.33896684646606, 144.83436131477356, 146.06279253959656, 149.27969360351562, 159.96959567070007, 163.76453948020935, 174.17858719825745,
        180.46772170066833, 180.84277367591858, 183.58273601531982, 186.79616737365723, 196.9343478679657, 201.88492727279663, 210.38221526145935, 214.68861293792725, 220.98496890068054,
        223.27376890182495, 223.71528005599976, 228.42702317237854, 230.49682235717773
    ],
    "user_cpu_time": [
        8.899999999999977, 0.8400000000000318, 1.3700000000000045, 7.210000000000036, 0.8799999999999955, 0.9199999999999591, 6.649999999999977, 2.8500000000000227, 7.470000000000027,
        1.509999999999991, 1.240000000000009, 0.9500000000000455, 1.0599999999999454, 5.940000000000055, 1.0699999999999363, 5.980000000000018, 3.769999999999982, 5.329999999999927,
        0.5099999999999909, 4.220000000000027, 9.730000000000018, 1.5499999999999545, 9.899999999999977, 3.7999999999999545, 1.759999999999991, 4.550000000000068, 0.42999999999995, 1.9400000000000546,
        1.42999999999995, 3.400000000000091, 8.25, 0.8299999999999272, 2.4300000000000637, 8.389999999999986, 2.8799999999999955, 8.17999999999995, 4.8799999999999955, 0.14000000000010004,
        2.0299999999999727, 2.409999999999968, 7.9500000000000455, 3.8099999999999454, 6.6299999999999955, 3.2900000000000773, 4.8799999999999955, 1.669999999999959, 0.21000000000003638,
        3.6100000000000136, 1.490000000000009, 1.1000000000000227
    ],
    "system_cpu_time": [
        0.010000000000000009, 0.0, 0.0, 0.0, 0.0, 0.0, 0.010000000000000009, 0.0, 0.0, 0.0, 0.0, 0.0, 0.0, 0.0, 0.0, 0.0, 0.0, 0.0, 0.0, 0.0, 0.0, 0.0, 0.010000000000000009, 0.0, 0.0, 0.0, 0.0, 0.0,
        0.0, 0.0, 0.0, 0.0, 0.0, 0.0, 0.0, 0.0, 0.0, 0.010000000000000009, 0.0, 0.0, 0.010000000000000009, 0.0, 0.010000000000000009, 0.009999999999999898, 0.0, 0.0, 0.0, 0.010000000000000009, 0.0,
        0.0
    ],
    "cpu_spent_usage": [
        80.2391319714198, 82.4557463543277, 81.14995932246404, 80.19101164431578, 81.31562320884342, 82.21613425580429, 80.37570939391358, 80.33501414667296, 80.19159088033418, 80.46733402551884,
        81.95271223048096, 81.11678737532512, 81.64769780553297, 80.14772137157189, 81.6093252766694, 80.1531329626855, 80.32998382876087, 80.46129508111545, 83.7335299392484, 80.10081818479642,
        80.06097628265975, 80.62010471210853, 80.1152820006839, 80.4226125667777, 80.79853726918681, 80.5606132979756, 81.2974267675915, 80.82399836311144, 80.61097022917495, 80.65765616724005,
        80.2388692502351, 82.06687606472306, 80.97903110111262, 80.0964616713032, 80.46012283434786, 80.22503495761471, 80.34114685635123, 93.62304246641568, 80.49229187183636, 80.33279365775469,
        80.23423624037835, 80.51185331726258, 80.1757140321091, 80.66425672017769, 80.264421808834, 80.52840719345744, 93.34779685569087, 80.52129858829093, 80.27641382527551, 82.53856566857061
    ]
}
