{"request_number": [2.61704, 2.47144, 4.55503, 1.91849, 3.08119, 2.55993, 1.24024, 0.69794, 3.49758, 2.45943, 4.56522, 1.44684, 4.92236, 4.01658, 3.85069, 1.87916, 1.8219, 2.73842, 1.9342, 0.09663, 0.52339, 4.28399, 0.28581, 4.61149, 3.82287, 0.74964, 0.27028, 0.28374, 3.32338, 3.26147, 1.90254, 0.13729, 3.13969, 0.86881, 1.74647, 0.73335, 1.29729, 0.00119, 1.04734, 2.06229], "predicted_processing_time": [4.716846466064453, 3.8897886276245117, 10.87282657623291, 2.3726353645324707, 6.147496223449707, 4.716846466064453, 1.5633071660995483, 0.7313107252120972, 7.240908145904541, 3.8897886276245117, 10.87282657623291, 1.9338699579238892, 12.1029634475708, 7.994510173797607, 7.994510173797607, 2.3726353645324707, 2.3726353645324707, 4.972780227661133, 2.3726353645324707, 0.6044009923934937, 0.6044009923934937, 9.237252235412598, 0.6044009923934937, 11.23463249206543, 7.994510173797607, 0.7313107252120972, 0.6044009923934937, 0.6044009923934937, 6.882800102233887, 6.260684967041016, 2.3726353645324707, 0.6044009923934937, 6.260684967041016, 0.7313107252120972, 2.3726353645324707, 0.7313107252120972, 1.7317898273468018, 0.6044009923934937, 1.16096031665802, 3.320652961730957], "real_processing_time": [4.878898888011463, 4.486270624998724, 11.050011798011838, 3.0942838010087144, 6.199036135978531, 4.714877330989111, 1.626405301009072, 0.7297730249993037, 7.483440710988361, 4.437644782010466, 11.076242062001256, 2.0550447260029614, 12.406556980015012, 9.173967773007462, 8.620390232012141, 3.00030070298817, 2.872286628000438, 5.206494398997165, 3.1237413820053916, 0.043649008992360905, 0.4799927989952266, 10.098506369977258, 0.20182578000822105, 11.229903350991663, 8.514644173992565, 0.8131587670068257, 0.1842271960049402, 0.20403868702123873, 6.930238944012672, 6.752297844999703, 3.0447629830159713, 0.06896573799895123, 6.378647814010037, 0.9834118849830702, 2.6940043999929912, 0.7548019349924289, 1.752176996000344, 0.0011361939832568169, 1.2823637079854961, 3.4458306040032767], "predicted_processing_time + predicted_waiting_time": [9.433692932128906, 12.496423721313477, 30.352288246154785, 24.224732398986816, 34.14708948135376, 37.43328619003296, 35.8430540561676, 35.74236834049225, 49.49287390708923, 50.031543016433716, 67.88740754127502, 60.88232088088989, 83.1543778181076, 87.04043471813202, 95.03494489192963, 91.78570544719696, 94.15834081172943, 101.73126590251923, 101.50375640392303, 100.33992302417755, 100.94432401657104, 118.81442749500275, 110.78597724437714, 132.6508412361145, 137.4052290916443, 130.87334036827087, 131.35083162784576, 131.95523262023926, 145.11643183231354, 150.75500166416168, 149.2395874261856, 148.07575404644012, 159.99272298812866, 155.19465947151184, 159.20861947536469, 158.2986055612564, 161.03087449073792, 160.5078866481781, 162.22540628910065, 167.70575189590454], "response_time": [4.904311200007214, 9.381855599989649, 20.43054879999545, 23.52276659999916, 29.71978610000224, 34.42941399999836, 36.052200999998604, 36.797309099987615, 44.27839720000338, 48.7111656999914, 59.78297410000232, 61.83476739999605, 74.24012090000906, 83.41352610000467, 92.03186790000473, 95.03123249999771, 97.90049939999881, 103.10464530000172, 106.2255060000025, 106.26627449999796, 106.74296719999984, 116.84123980000732, 117.04064000000653, 128.26911269999982, 136.78256530000363, 137.6154072999925, 137.79543120000744, 137.997833299989, 144.92599649999465, 151.67456830000447, 154.71595589999924, 154.78166870000132, 161.1576972000039, 162.13765089999652, 164.82783959999506, 165.60113029999775, 167.35003490000963, 167.3479357000033, 168.62888279999606, 172.07169789999898], "waiting_jobs": [0, 0, 1, 2, 3, 4, 5, 6, 7, 8, 9, 10, 11, 12, 13, 14, 15, 16, 17, 18, 19, 20, 21, 22, 23, 24, 25, 26, 27, 28, 29, 30, 31, 32, 33, 34, 35, 36, 37, 38], "real_waiting_time": [0.0010805130004882812, 4.878460884094238, 9.36427640914917, 20.41218852996826, 23.503938674926758, 29.69795298576355, 34.40937542915344, 36.05119872093201, 36.778308153152466, 44.25495743751526, 48.690093994140625, 59.7630033493042, 61.81648087501526, 74.22182035446167, 83.39404129981995, 92.01164722442627, 95.01114439964294, 97.88001894950867, 103.08484506607056, 106.20618629455566, 106.24372625350952, 106.72174263000488, 116.81953620910645, 117.01862502098083, 128.24826169013977, 136.78261733055115, 137.59125638008118, 137.77426624298096, 137.97569370269775, 144.90192914009094, 151.65124702453613, 154.69361996650696, 154.75955414772034, 161.13491535186768, 162.10722541809082, 164.80671787261963, 165.57821106910706, 167.32830214500427, 167.32203769683838, 168.60605764389038]}