{
    "x_list": [
        [
            10,
            50,
            100,
            500,
            1000
        ]
    ],
    "y_lists": [
        [
            [
                22.967695236206055,
                77.06760287284851,
                150.0756013393402,
                719.1001634597778,
                1430.8987345695496
            ],
            [
                25.191811561584473,
                87.81738781929016,
                161.58960723876953,
                742.0839395523071,
                1468.5907936096191
            ],
            [
                21.365424394607544,
                82.91859316825867,
                197.11789774894714,
                729.6313135623932,
                1463.6005215644836
            ]
        ]
    ],
    "titles": [
        "Respons time comparison"
    ],
    "xlabels": [
        "Loops Index"
    ],
    "ylabels": [
        "Response Time"
    ],
    "smooth": false,
    "window_size": 2,
    "legends": [
        "round-robin",
        "min-entropy",
        "least-connect"
    ]
}