{
    "x_list": [
        [
            10,
            50,
            100,
            500,
            1000
        ]
    ],
    "y_lists": [
        [
            [
                24.056204795837402,
                82.39287877082825,
                153.69324207305908,
                731.8892931938171,
                1439.5004138946533
            ],
            [
                25.096148014068604,
                87.16925859451294,
                165.72849225997925,
                752.9895448684692,
                1460.841382741928
            ],
            [
                22.87693428993225,
                89.54292368888855,
                167.69503831863403,
                742.220535993576,
                1450.2427866458893
            ]
        ]
    ],
    "titles": [
        "Respons time comparison"
    ],
    "xlabels": [
        "Loops Index"
    ],
    "ylabels": [
        "Response Time"
    ],
    "smooth": false,
    "window_size": 2,
    "legends": [
        "round-robin",
        "min-entropy",
        "least-connect"
    ]
}