{
    "x_list": [
        [
            5,
            6,
            10
        ]
    ],
    "y_lists": [
        [
            [
                3.1260159015655518,
                3.085801839828491,
                3.968832492828369
            ],
            [
                3.058889150619507,
                3.1241743564605713,
                4.0974671840667725
            ],
            [
                3.196751356124878,
                3.7640187740325928,
                4.65026068687439
            ]
        ]
    ],
    "titles": [
        "Respons time comparison"
    ],
    "xlabels": [
        "Loops Index"
    ],
    "ylabels": [
        "Response Time"
    ],
    "smooth": false,
    "window_size": 2,
    "legends": [
        "round-robin",
        "min-entropy",
        "least-connect"
    ]
}