{
    "x_list": [
        [
            5,
            6,
            10
        ]
    ],
    "y_lists": [
        [
            [
                3.2328555583953857,
                3.131166934967041,
                3.9540069103240967
            ],
            [
                3.0577964782714844,
                3.7940211296081543,
                3.854597806930542
            ],
            [
                3.123293876647949,
                3.8590657711029053,
                4.021124362945557
            ]
        ]
    ],
    "titles": [
        "Respons time comparison"
    ],
    "xlabels": [
        "Loops Index"
    ],
    "ylabels": [
        "Response Time"
    ],
    "smooth": false,
    "window_size": 2,
    "legends": [
        "round-robin",
        "min-entropy",
        "least-connect"
    ]
}