{
    "x_list": [
        [
            5,
            6,
            10
        ]
    ],
    "y_lists": [
        [
            [
                3.1062417030334473,
                3.032378911972046,
                3.9476776123046875
            ],
            [
                3.0621066093444824,
                3.8866560459136963,
                4.0561439990997314
            ],
            [
                3.1343061923980713,
                3.07224178314209,
                4.022769451141357
            ]
        ]
    ],
    "titles": [
        "Respons time comparison"
    ],
    "xlabels": [
        "Loops Index"
    ],
    "ylabels": [
        "Response Time"
    ],
    "smooth": false,
    "window_size": 2,
    "legends": [
        "round-robin",
        "min-entropy",
        "least-connect"
    ]
}