{
    "x_list": [
        [
            10,
            20
        ]
    ],
    "y_lists": [
        [
            [
                17.423895597457886,
                24.78636121749878
            ],
            [
                15.032886981964111,
                24.635347604751587
            ],
            [
                15.231901407241821,
                24.702314615249634
            ],
            [
                17.367889642715454,
                24.689849615097046
            ]
        ]
    ],
    "titles": [
        "Respons time comparison"
    ],
    "xlabels": [
        "Loops Index"
    ],
    "ylabels": [
        "Response Time"
    ],
    "smooth": false,
    "window_size": 2,
    "legends": [
        "shortest",
        "round-robin",
        "min-entropy",
        "least-connect"
    ]
}