{
    "x_list": [
        [
            10,
            20
        ]
    ],
    "y_lists": [
        [
            [
                19.95024061203003,
                24.58953356742859
            ],
            [
                16.655383586883545,
                25.31064462661743
            ],
            [
                16.409608364105225,
                27.64247155189514
            ],
            [
                16.380211114883423,
                29.261451244354248
            ]
        ]
    ],
    "titles": [
        "Respons time comparison"
    ],
    "xlabels": [
        "Loops Index"
    ],
    "ylabels": [
        "Response Time"
    ],
    "smooth": false,
    "window_size": 2,
    "legends": [
        "shortest",
        "round-robin",
        "min-entropy",
        "least-connect"
    ]
}