{
    "x_list": [
        [
            10,
            20
        ]
    ],
    "y_lists": [
        [
            [
                21.250378608703613,
                26.73956871032715
            ],
            [
                17.653451681137085,
                26.709584951400757
            ],
            [
                17.67998743057251,
                30.30974793434143
            ],
            [
                17.709855794906616,
                26.71979594230652
            ]
        ]
    ],
    "titles": [
        "Respons time comparison"
    ],
    "xlabels": [
        "Loops Index"
    ],
    "ylabels": [
        "Response Time"
    ],
    "smooth": false,
    "window_size": 2,
    "legends": [
        "shortest",
        "round-robin",
        "min-entropy",
        "least-connect"
    ]
}