{
    "x_list": [
        [
            10,
            50,
            100,
            500,
            1000
        ]
    ],
    "y_lists": [
        [
            [
                42.00703001022339,
                215.2427623271942,
                356.5806996822357,
                1765.09352850914,
                3523.1287038326263
            ],
            [
                48.099971532821655,
                215.069757938385,
                432.81444907188416,
                2131.772601366043,
                4239.616816043854
            ],
            [
                48.163368940353394,
                118.24366617202759,
                280.1072688102722,
                1516.6113827228546,
                2841.4207017421722
            ]
        ]
    ],
    "titles": [
        "Respons time comparison"
    ],
    "xlabels": [
        "Loops Index"
    ],
    "ylabels": [
        "Response Time"
    ],
    "smooth": false,
    "window_size": 2,
    "legends": [
        "round-robin",
        "min-entropy",
        "least-connect"
    ]
}