{
    "x_list": [
        [
            5,
            6,
            10
        ]
    ],
    "y_lists": [
        [
            [
                18.34924817085266,
                18.55303406715393,
                47.787177324295044
            ],
            [
                14.529845476150513,
                14.800068855285645,
                47.79421830177307
            ],
            [
                12.602176189422607,
                22.831650972366333,
                47.73554182052612
            ]
        ]
    ],
    "titles": [
        "Respons time comparison"
    ],
    "xlabels": [
        "Loops Index"
    ],
    "ylabels": [
        "Response Time"
    ],
    "smooth": false,
    "window_size": 2,
    "legends": [
        "round-robin",
        "min-entropy",
        "least-connect"
    ]
}