{
    "request_number": [
        0.94468, 2.6887, 3.45427, 4.83381, 0.56389, 1.59706, 2.04802, 4.84533, 2.35021, 2.60918, 3.45653, 4.85886, 1.00098, 0.47195, 3.0992, 3.69242, 3.89526, 0.96505, 0.77708, 4.90878, 0.39528,
        3.76208, 2.07452, 2.01657, 4.38764, 0.06859, 1.63276, 3.44816, 1.31129, 3.64702, 3.59824, 2.38461, 1.68075, 1.21592, 3.46592, 0.02634, 0.90395, 1.94673, 4.70821, 1.59454, 2.84765, 1.30188,
        1.2364, 4.26655, 3.15594, 0.43548, 3.36684, 0.95817, 0.22972, 3.09544, 1.7985, 4.0332, 3.01493, 1.97448, 2.67329, 1.16724, 1.02305, 3.3857, 2.61543, 0.89324, 0.05169, 0.09115, 1.81823,
        1.00931, 1.54453, 3.01388, 2.43027, 4.15257, 0.25622, 1.00047, 2.18547, 3.14328, 4.61949, 2.42623, 1.02914, 0.01482, 1.60829, 1.78644, 0.89396, 0.46522
    ],
    "predicted_processing_time": [
        0.7313107252120972, 4.972780227661133, 7.240908145904541, 11.619933128356934, 0.6044009923934937, 1.9338699579238892, 3.320652961730957, 11.619933128356934, 3.8897886276245117,
        4.716846466064453, 7.240908145904541, 12.1029634475708, 1.16096031665802, 0.6044009923934937, 6.260684967041016, 7.994510173797607, 7.994510173797607, 1.1415616273880005, 0.7313107252120972,
        12.1029634475708, 0.6044009923934937, 7.994510173797607, 3.320652961730957, 3.320652961730957, 10.424696922302246, 0.6044009923934937, 2.3726353645324707, 7.240908145904541,
        1.7317898273468018, 7.240908145904541, 7.240908145904541, 3.8897886276245117, 2.3726353645324707, 1.5633071660995483, 7.240908145904541, 0.6044009923934937, 0.7313107252120972,
        2.3726353645324707, 11.38117790222168, 1.9338699579238892, 5.506595134735107, 1.7317898273468018, 1.5633071660995483, 9.237252235412598, 6.260684967041016, 0.6044009923934937,
        7.031777858734131, 0.7313107252120972, 0.6044009923934937, 6.147496223449707, 2.3726353645324707, 7.994510173797607, 5.870300769805908, 2.3726353645324707, 4.972780227661133,
        1.3407186269760132, 1.16096031665802, 7.031777858734131, 4.716846466064453, 0.7313107252120972, 0.6044009923934937, 0.6044009923934937, 2.3726353645324707, 1.16096031665802,
        1.9338699579238892, 5.870300769805908, 3.8897886276245117, 9.237252235412598, 0.6044009923934937, 1.16096031665802, 3.5429999828338623, 6.260684967041016, 11.23463249206543,
        3.8897886276245117, 1.16096031665802, 0.6044009923934937, 2.3726353645324707, 2.3726353645324707, 0.7313107252120972, 0.6044009923934937
    ],
    "real_processing_time": [
        1.0997348389937542, 5.0816098159994, 7.350553215976106, 12.039782548992662, 0.5434459109965246, 2.351752613001736, 3.4232468490081374, 12.10622647299897, 4.152568162011448, 4.864416258991696,
        7.360866302013164, 12.129240014008246, 1.1976812900102232, 0.4310856960073579, 6.287190411007032, 8.112112154019997, 8.768696649000049, 1.1445453309861477, 0.8425758389930706,
        12.336236369010294, 0.3110949370020535, 8.334286169992993, 3.4655937750067096, 3.3393943370028865, 10.43273533298634, 0.02821718098130077, 2.4523052480071783, 7.313738566997927,
        1.777412045019446, 7.963840549986344, 7.797152152983472, 4.237216264009476, 2.5576741360127926, 1.5888151160033885, 7.385346931987442, 0.008906439994461834, 1.0453310890006833,
        3.1468876150029246, 11.585533336998196, 2.3642947030020878, 5.515986322978279, 1.7598779990221374, 1.6224018289940432, 10.015460080991033, 6.434536175016547, 0.3543730489909649,
        7.121666868973989, 1.135154038987821, 0.15068405400961637, 6.2470101049984805, 2.8078016549989115, 9.233209138008533, 6.009629084001062, 3.2210002669889946, 5.043916388996877,
        1.510765392013127, 1.2286186550045386, 7.139803666010266, 4.8704132289858535, 1.0307852200057823, 0.019825894996756688, 0.04047350600012578, 2.8503736779966857, 1.2307960340112913,
        2.2553331890085246, 5.99398846400436, 4.376855549984612, 9.618157207005424, 0.1686278620036319, 1.1968507260025945, 3.7524539580044802, 6.396696406009141, 11.257292984984815, 4.36808433601982,
        1.2577039610187057, 0.004729990003397688, 2.3920725650095847, 2.788340597995557, 1.0150868849887047, 0.40373010199982673
    ],
    "predicted_response_time": [
        6.435401678085327, 9.945560455322266, 20.185907244682312, 36.18486535549164, 25.773734211921692, 29.037073135375977, 33.744509100914, 53.66372239589691, 49.823366522789, 55.367270827293396,
        65.13224065303802, 82.09725940227509, 72.31621658802032, 72.36405825614929, 84.28102719783783, 94.00936257839203, 102.00387275218964, 96.29248583316803, 96.61354565620422, 120.08816182613373,
        109.19400036334991, 124.57861971855164, 123.22541546821594, 126.5460684299469, 144.07480931282043, 134.85891437530518, 138.99978411197662, 151.10896503925323, 147.3316365480423,
        160.08166301250458, 167.32257115840912, 167.8612402677536, 168.71672236919403, 169.47070133686066, 182.3892104625702, 176.35710430145264, 177.21532475948334, 181.22928476333618,
        201.61900520324707, 194.10556721687317, 203.1848875284195, 201.141872048378, 202.53669655323029, 219.44789385795593, 222.73201155662537, 217.68012857437134, 231.1392832994461,
        225.57012689113617, 221.07483792304993, 232.76542937755585, 231.36320388317108, 244.97958886623383, 248.72568023204803, 247.60065019130707, 255.17357528209686, 252.88223230838776,
        253.86343431472778, 266.766029715538, 269.1679447889328, 260.2096288204193, 260.6871200799942, 261.2915210723877, 265.43239080905914, 265.3816760778427, 268.08845567703247, 277.8951872587204,
        279.8044637441635, 294.3891795873642, 286.3607293367386, 288.07824897766113, 294.00328862667084, 302.981658577919, 319.19023859500885, 315.73518335819244, 314.167315363884, 314.21515703201294,
        318.3560267686844, 320.72866213321686, 319.8186482191086, 320.2961394786835
    ],
    "response_time": [
        6.202607300001546, 5.099584600000526, 13.550732800009428, 25.586543299999903, 26.12721489999967, 28.475791300006676, 31.894996500006528, 43.99927009998646, 48.14996590001101,
        53.033222099998966, 60.39251289999811, 72.51906210000743, 73.71305829999619, 74.13987810000253, 80.42622090000077, 88.53580030000012, 97.30014760000631, 98.44238880000194, 99.28139210000518,
        111.61482930000057, 111.92203789998894, 120.25480000000971, 123.7182049999974, 127.05618010000035, 137.4834145999921, 137.5075907999999, 139.95670340000652, 147.26764079999703,
        149.03979359999357, 156.99844219999795, 164.79191739999806, 169.02586480000173, 171.60260440000275, 173.1879243000003, 180.56973290001042, 180.58914150000783, 181.63287570000102,
        184.79234930001257, 196.39052129999618, 198.76677930000005, 204.2834676999919, 206.04173919999448, 207.66279429999122, 217.67609110000194, 224.10875840000517, 224.46208500000648,
        231.58304500000668, 232.71591640000406, 232.8648155999981, 239.1090467000031, 241.9129729000124, 251.14543489999778, 257.15217620000476, 260.36954729999707, 265.4118582000083,
        266.9197323999979, 268.1462576999911, 275.2837956000003, 280.1509938999952, 281.19603809999535, 281.2141494000098, 281.2536886000016, 284.10022700000263, 285.3425384000002, 287.5960442999931,
        293.58756309999444, 297.97717530000955, 307.59114849999605, 307.758920200009, 308.95178220000525, 312.7034922000021, 319.1126665000047, 330.36589719999756, 334.7455390999967, 335.9998452,
        336.0005250999966, 338.3887645000068, 341.175018599999, 342.187082000004, 342.5886846000067
    ],
    "waiting_jobs": [
        0, 0, 1, 2, 3, 4, 5, 6, 7, 8, 9, 10, 11, 12, 13, 14, 15, 16, 17, 18, 19, 20, 21, 22, 23, 24, 25, 26, 27, 28, 29, 30, 31, 32, 33, 34, 35, 36, 37, 38, 39, 40, 41, 42, 43, 44, 45, 46, 47, 47, 48,
        49, 50, 51, 52, 53, 54, 55, 56, 57, 57, 58, 59, 60, 61, 62, 63, 64, 65, 66, 67, 68, 69, 70, 71, 72, 73, 74, 75, 76
    ],