{
    "request_number": [466311, 434138, 440852, 352060, 420660, 218681, 407484, 375411, 109266, 179381, 435444, 384279, 246547, 484849, 212257, 207665, 442193, 133097, 190589, 362180],
    "predicted_processing_time": [
        15.027637481689453, 10.129919052124023, 3.9243791103363037, 2.3502283096313477, 14.20038890838623, 4.574126243591309, 4.61251974105835, 15.276083946228027, 5.836461067199707,
        10.95799732208252, 13.352946281433105, 3.5896644592285156, 1.8161108493804932, 10.573993682861328, 11.921730041503906, 4.761871337890625, 12.866610527038574, 9.667738914489746,
        14.20038890838623, 13.352946281433105
    ],
    "real_processing_time": [
        11.302219042001525, 7.762477536001825, 3.0173204199963948, 1.7870056530082365, 10.414419029999408, 3.4151282090024324, 3.5454912339919247, 11.932942483996158, 4.401079995994223,
        8.471261426006095, 10.210669173000497, 2.746779494002112, 1.34697748599865, 8.181280546996277, 9.230026744000497, 3.688755201001186, 9.678802276001079, 7.433001868004794, 10.380069153994555,
        10.15620841900818
    ],
    "response_time": [
        11.324973999995564, 19.098542500003532, 22.113702000002377, 23.902182300000277, 34.320220299996436, 37.74803719999909, 41.296826099998725, 53.236892299995816, 57.644015399993805,
        66.13559879999957, 76.36484979999659, 79.11579039999924, 80.46192329999758, 88.64226970000163, 97.87907939999423, 101.56404369999655, 111.2512745999993, 118.68251120000059, 129.0686626999959,
        139.22533929999918
    ],
    "waiting_jobs": [0, 18, 17, 16, 15, 14, 13, 12, 11, 10, 9, 8, 7, 6, 5, 4, 3, 2, 1, 0],
    "real_waiting_time": [
        0.002856731414794922, 9.431799411773682, 17.410635232925415, 20.636030673980713, 22.641700983047485, 33.26355457305908, 36.89614653587341, 40.64941930770874, 52.79928541183472,
        57.436394453048706, 66.13993740081787, 76.5649139881134, 79.52817177772522, 81.08483839035034, 89.47434544563293, 98.91539406776428, 102.80519437789917, 112.69613981246948, 120.34323930740356,
        130.9405915737152
    ],
    "cpu_spent_usage": [
        80.1612494531477, 80.25788121261141, 80.86645302333893, 81.14132138077268, 80.1773001062016, 80.8168780523242, 80.10173520588295, 80.28195906289007, 80.43480243990182, 80.27139829641622,
        80.01434442321825, 81.18598543747083, 81.66431966637167, 80.30527693384309, 80.17311547672377, 80.51496611089469, 80.17520948063147, 80.58655313654359, 80.05727010789779, 80.14802044398091
    ]
}
