{
    "predicted_processing_time": [
        3.320652961730957, 4.716846466064453, 4.972780227661133, 1.7317898273468018, 0.6044009923934937, 0.6044009923934937, 7.240908145904541, 10.87282657623291, 5.506595134735107,
        1.5633071660995483, 0.7313107252120972, 3.5429999828338623, 2.3726353645324707, 5.506595134735107, 0.6044009923934937, 1.9338699579238892, 1.3407186269760132, 6.147496223449707,
        11.619933128356934, 0.6044009923934937
    ],
    "real_processing_time": [
        3.5997135739889927, 4.799015533993952, 5.315566239994951, 1.8537597079994157, 0.28929627998149954, 0.09627855199505575, 7.931807393004419, 10.929218829987803, 5.624432996002724,
        1.626790437992895, 0.9856241309898905, 3.839502752001863, 3.0338550779852085, 5.5749013159947935, 0.2884823379863519, 2.0403748030075803, 1.3687770840188023, 6.205386969988467,
        12.067917414009571, 0.19294727200758643
    ],
    "predicted_processing_time + predicted_waiting_time": [
        -883.4035370349884, -809.7891268730164, -814.2500395774841, -822.4638102054596, -825.3229888677597, -825.9273898601532, -819.8952836990356, -823.5042734146118, -839.7433314323425,
        -849.1932145357132, -851.5885181427002, -849.5081396102905, -854.2215042114258, -853.4601798057556, -863.8689690828323, -863.1439011096954, -865.6709223985672, -862.2048634290695,
        -862.879922747612, -885.5153880119324
    ],
    "response_time": [
        3.6208490999997593, 6.440527700004168, 11.970986800006358, 14.04191620000347, 14.54868510000233, 14.859665999989375, 23.005804300002637, 34.172612900001695, 40.01288460000069,
        41.85615019999386, 43.05841899999359, 47.114780400006566, 50.36477169999853, 56.155200799999875, 56.65818169999693, 58.91559990000678, 60.50134259999322, 66.92335759999696, 79.2072635999939,
        79.6159134000045
    ],
    "waiting_jobs": [0, 18, 17, 16, 15, 14, 13, 12, 11, 10, 9, 8, 7, 6, 5, 4, 3, 2, 1, 0],
    "real_waiting_time": [
        -0.0012888908386230469, 1.6192567348480225, 6.635711431503296, 12.168033123016357, 14.239754676818848, 14.744248628616333, 15.054862022399902, 23.202284574508667, 34.367894887924194,
        40.209630489349365, 42.053295850753784, 43.254289388656616, 47.311136960983276, 50.56135559082031, 56.34964847564697, 56.85558748245239, 59.113075971603394, 60.69883418083191,
        67.11928629875183, 79.40235257148743
    ]
}
