{
    "x_list": [
        [
            30,
            50,
            100
        ]
    ],
    "y_lists": [
        [
            [
                49.830817222595215,
                73.65881872177124,
                136.3613805770874
            ],
            [
                50.076929807662964,
                73.30101609230042,
                137.03951597213745
            ],
            [
                49.55957317352295,
                73.88101768493652,
                137.36547684669495
            ]
        ]
    ],
    "titles": [
        "Respons time comparison"
    ],
    "xlabels": [
        "Loops Index"
    ],
    "ylabels": [
        "Response Time"
    ],
    "smooth": false,
    "window_size": 2,
    "legends": [
        "shortest",
        "round-robin",
        "min-entropy"
    ]
}