{
    "x_list": [
        [
            30,
            50,
            100
        ]
    ],
    "y_lists": [
        [
            [
                49.659374713897705,
                73.37141227722168,
                136.51013565063477
            ],
            [
                49.518415212631226,
                73.3822078704834,
                136.55006408691406
            ],
            [
                49.74473547935486,
                73.7073392868042,
                141.28923082351685
            ]
        ]
    ],
    "titles": [
        "Respons time comparison"
    ],
    "xlabels": [
        "Loops Index"
    ],
    "ylabels": [
        "Response Time"
    ],
    "smooth": false,
    "window_size": 2,
    "legends": [
        "shortest",
        "round-robin",
        "min-entropy"
    ]
}