{
    "x_list": [
        [
            30,
            50,
            100
        ]
    ],
    "y_lists": [
        [
            [
                49.54152965545654,
                73.42456936836243,
                137.19033527374268
            ],
            [
                45.590797901153564,
                73.68724060058594,
                136.59439396858215
            ],
            [
                49.472705125808716,
                73.53101110458374,
                137.09156155586243
            ]
        ]
    ],
    "titles": [
        "Respons time comparison"
    ],
    "xlabels": [
        "Loops Index"
    ],
    "ylabels": [
        "Response Time"
    ],
    "smooth": false,
    "window_size": 2,
    "legends": [
        "shortest",
        "round-robin",
        "min-entropy"
    ]
}