{"request_number": [498423, 450015, 323509, 423536, 104421, 406901, 470154, 476800, 379007, 467094, 408955, 498055, 156967, 103963, 315038, 462711, 408990, 229935, 236055, 365197], "predicted_processing_time": [15.906598091125488, 10.159077644348145, 5.440349578857422, 5.114596366882324, 12.250503540039062, 14.503607749938965, 8.243144035339355, 1.6825652122497559, 3.007901906967163, 15.906598091125488, 12.250503540039062, 15.027637481689453, 10.740537643432617, 15.143342018127441, 14.869537353515625, 11.921730041503906, 1.6949963569641113, 12.702749252319336, 8.48146915435791, 14.133532524108887], "response_time": [null, null, null, null, null, null, null, null, null, null, null, null, null, null, null, null, null, null, null, null], "waiting_jobs": [0, 0, 1, 2, 3, 4, 5, 6, 7, 8, 9, 10, 11, 12, 13, 14, 15, 16, 17, 18], "real_waiting_time": [0.0065152645111083984, 10.762367725372314, 18.911425352096558, 23.313892126083374, 27.565868616104126, 37.18048453330994, 48.646339654922485, 55.22685885429382, 56.708202600479126, 59.21948170661926, 72.01086235046387, 81.6199426651001, 93.25181269645691, 101.86584758758545, 113.86684155464172, 125.61920404434204, 135.17407608032227, 136.66242027282715, 146.77381229400635, 153.62209296226501], "cpu_spent_usage": [80.13816617910831, 80.35762416410306, 80.62807160434517, 80.20647596667754, 80.1025580816411, 80.33233868127759, 80.4253414414281, 81.16150075672608, 80.92873295295495, 80.17935959203346, 80.28550058107993, 80.16135463381087, 80.27186180704257, 80.20946520028605, 80.12073479282533, 80.19896994757174, 81.75319616020563, 80.18057319474178, 80.43646744454743, 80.01967211731528]}