{"request_number": [155126, 429423, 471688, 170268, 37694, 264436, 206905, 426601, 134808, 149616, 316250, 166454, 439392, 341765, 469083, 402657, 442519, 424718, 446847, 396445, 107288, 437416, 211912, 205451, 191216, 70972, 273309, 237223, 285637, 499734, 326348, 250941, 7154, 15412, 89369, 82415, 81618, 468253, 50433, 195306, 205565, 200591, 304032, 150739, 279546, 463385, 33852, 407426, 472307, 341258], "predicted_processing_time": [2.8723199367523193, 4.61251974105835, 9.325812339782715, 14.883630752563477, 11.921730041503906, 1.6529028415679932, 14.503607749938965, 6.978550910949707, 2.850050926208496, 7.848217964172363, 5.726076602935791, 4.406467437744141, 4.219081401824951, 1.6529028415679932, 14.873154640197754, 1.6529028415679932, 1.6529028415679932, 1.6529028415679932, 1.6529028415679932, 1.6529028415679932, 5.836461067199707, 8.707589149475098, 16.628829956054688, 7.249504566192627, 5.440349578857422, 7.278656959533691, 1.6529028415679932, 5.981328964233398, 4.406467437744141, 13.352946281433105, 1.6949963569641113, 11.82536506652832, 13.734254837036133, 12.702749252319336, 13.70340347290039, 11.834830284118652, 14.873154640197754, 9.325812339782715, 14.20038890838623, 3.1888937950134277, 8.243144035339355, 2.850050926208496, 2.433173418045044, 16.20707130432129, 4.406467437744141, 6.540292739868164, 1.6529028415679932, 3.4184508323669434, 14.869537353515625, 16.20707130432129], "real_processing_time": [2.300248089013621, 3.524526341992896, 7.123316188022727, 11.486782236024737, 9.221204453991959, 0.2614707169996109, 11.148367568996036, 5.297832852986176, 2.1503245719941333, 6.013460040005157, 3.2564138779998757, 3.3550596499990206, 3.137744103994919, 0.46068255600403063, 11.336325163021684, 0.8826864889997523, 0.8965922609786503, 0.9993701959901955, 0.07903158001136035, 0.029548620979767293, 4.53711701699649, 6.6448377430206165, 12.493302705988754, 5.475263565982459, 4.166672371997265, 5.119188176002353, 0.7203728469903581, 3.0458248920040205, 3.373554094985593, 10.296742344013182, 1.311166116996901, 8.872487098007696, 10.601783705002163, 9.817114309000317, 10.425846108002588, 9.078065379988402, 11.374249321001116, 7.1167140439793, 10.341398727992782, 2.465895375004038, 6.354654169990681, 2.1112821200222243, 1.8297349470085464, 9.888250333984615, 3.408352714002831, 4.884383160009747, 0.295703991985647, 2.543702373979613, 11.469610650994582, 9.98015109600965], "response_time": [2.3242519999912474, 5.862573800011887, 12.999507299988181, 24.48398590000579, 33.70097780000651, 33.95777039999666, 45.101338100008434, 50.39510850000079, 52.5400185000035, 58.54927080000925, 61.80190029999358, 65.15165819998947, 68.3197344999935, 68.77589559998887, 80.10887460000231, 80.98833500000183, 81.88037810000242, 82.87601480000012, 82.94957480000448, 82.97441249999974, 87.50646099999722, 94.1461971999961, 106.63381559999834, 112.10478820001299, 116.26627079999889, 121.37986570000066, 122.09550189999572, 125.13796559999173, 128.50827070001105, 138.80132779999985, 140.1077840999933, 148.97575379999762, 159.5721457999898, 169.38485180000134, 179.80528380000032, 188.87756889998855, 200.24639619998925, 207.3579013999988, 217.71079579999787, 220.17229050000606, 226.54150919998938, 228.64812019999954, 230.472511400003, 240.35742709999613, 243.76117440000235, 248.64329390000785, 248.9503582000034, 251.48906259999785, 262.95459549999214, 272.9296594000043], "waiting_jobs": [0, 21, 47, 46, 45, 44, 43, 42, 41, 40, 39, 38, 37, 36, 35, 34, 33, 32, 31, 30, 29, 28, 27, 26, 25, 24, 23, 22, 21, 20, 19, 18, 17, 16, 15, 14, 13, 12, 11, 10, 9, 8, 7, 6, 5, 4, 3, 2, 1, 0], "real_waiting_time": [0.002327442169189453, 0.0084381103515625, 0.6886780261993408, 8.028915405273438, 19.735520362854004, 29.173854112625122, 29.63690209388733, 41.00078725814819, 46.516159772872925, 48.883737087249756, 55.116235971450806, 58.589839935302734, 62.183268308639526, 65.52313446998596, 66.2003083229065, 77.75501823425293, 78.85610890388489, 79.9713933467865, 81.18894720077515, 81.48322296142578, 81.73309516906738, 86.48720240592957, 93.34847116470337, 106.05967259407043, 111.75150179862976, 116.13469624519348, 121.47120189666748, 122.41009020805359, 125.67445731163025, 129.37747645378113, 139.89263939857483, 141.4202184677124, 150.51259589195251, 161.33110809326172, 171.36527109146118, 182.00856232643127, 191.30244302749634, 202.89360117912292, 210.22771167755127, 220.77167296409607, 223.46759414672852, 230.0462944507599, 232.37497901916504, 234.42314076423645, 244.53044271469116, 248.15642762184143, 253.2581605911255, 253.77126622200012, 256.5311779975891, 268.21824073791504], "user_cpu_time": [1.8600000000001273, 2.8399999999996908, 5.710000000000036, 9.210000000000036, 7.399999999999636, 0.22000000000025466, 8.940000000000055, 4.2599999999997635, 1.7300000000000182, 4.829999999999927, 2.6200000000003456, 2.7100000000000364, 2.519999999999982, 0.3799999999996544, 9.090000000000146, 0.7300000000000182, 0.7399999999997817, 0.8299999999999272, 0.07999999999992724, 0.03000000000020009, 3.6399999999998727, 5.349999999999909, 10.019999999999982, 4.390000000000327, 3.3400000000001455, 4.120000000000346, 0.5900000000001455, 2.4400000000000546, 2.7200000000002547, 8.25, 1.0599999999999454, 7.119999999999891, 8.490000000000236, 7.869999999999891, 8.360000000000127, 7.2800000000002, 9.11999999999989, 5.7199999999998, 8.279999999999745, 2.0, 5.099999999999909, 1.7200000000002547, 1.4800000000000182, 7.929999999999836, 2.7399999999997817, 3.9200000000000728, 0.25, 2.0599999999999454, 9.190000000000055, 8.010000000000218], "system_cpu_time": [0.0, 0.0, 0.0, 0.0, 0.0, 0.0, 0.0, 0.0, 0.0, 0.0, 0.0, 0.0, 0.0, 0.0, 0.0, 0.0, 0.0, 0.0, 0.0, 0.0, 0.0, 0.0, 0.0, 0.0, 0.0, 0.0, 0.0, 0.0, 0.0, 0.0, 0.0, 0.0, 0.0, 0.0, 0.0, 0.0, 0.0, 0.0, 0.0, 0.0, 0.0, 0.0, 0.0, 0.0, 0.0, 0.010000000000000009, 0.0, 0.0, 0.0, 0.0], "cpu_spent_usage": [80.86084317964684, 80.57820326557272, 80.15929448142333, 80.17911205033313, 80.24982025852486, 84.13944112930322, 80.19111268686976, 80.41023788809368, 80.45297079945837, 80.31981534537287, 80.4566034342532, 80.77352663464053, 80.31247662266541, 82.48630104334353, 80.18471479321273, 82.70207022509699, 82.5347297992574, 83.05230667576063, 101.22535825353319, 101.52758066355065, 80.22715716531162, 80.5136288785872, 80.20297143041947, 80.17878860252829, 80.1598902387216, 80.48151109806852, 81.90203204703, 80.10966114321302, 80.62713457131834, 80.12242828234683, 80.84406592413879, 80.24807386418941, 80.0808640907705, 80.16612369262815, 80.18533856531053, 80.19329774874898, 80.18111562897572, 80.37417219030864, 80.06653855814392, 81.10644191450032, 80.25613768384486, 81.4670850327738, 80.8860322867903, 80.19618974193513, 80.39074092134896, 80.46051817098292, 84.5440057542864, 80.98431723272259, 80.1247773759709, 80.25930592576745]}