{"request_number": [1.8596, 0.34181, 2.46635, 3.77028, 2.17195, 0.35305, 0.57951, 0.61245, 2.34074, 2.25117, 3.01241, 2.48313, 3.1009, 0.28084, 0.46076, 1.01755, 1.43174, 0.65484, 0.14677, 1.79185], "predicted_processing_time": [2.3726353645324707, 0.6044009923934937, 3.8897886276245117, 7.994510173797607, 3.5429999828338623, 0.6044009923934937, 0.6044009923934937, 0.6044009923934937, 3.8897886276245117, 3.8897886276245117, 5.870300769805908, 3.8897886276245117, 6.260684967041016, 0.6044009923934937, 0.6044009923934937, 1.16096031665802, 1.9338699579238892, 0.6044009923934937, 0.6044009923934937, 2.3726353645324707], "real_processing_time": [3.0111456730228383, 0.266391167009715, 4.455909250013065, 8.358642400999088, 3.70765589401708, 0.2724332209909335, 0.5606391170003917, 0.5959574840089772, 4.151209315983579, 3.9065783789847046, 5.990611284010811, 4.513933408015873, 6.2629798609996215, 0.19295970900566317, 0.39914725499693304, 1.221510514995316, 2.0115916930080857, 0.6601326999953017, 0.07513953201123513, 2.7922953109955415], "predicted_processing_time + predicted_waiting_time": [2393.4908933639526, 2392.327059984207, 2399.5022362470627, 2411.6014679670334, 2410.6929577589035, 2408.3587597608566, 2408.96316075325, 2409.5675617456436, 2416.742738008499, 2420.6325266361237, 2428.483339548111, 2430.392616033554, 2439.0241973400116, 2433.9723143577576, 2434.576715350151, 2436.2942349910736, 2439.0010145902634, 2438.2759466171265, 2438.88034760952, 2443.0212173461914], "response_time": [3.03179779999482, 3.3136970000050496, 7.788685599996825, 16.14530590000504, 19.850710300001083, 20.15686440000718, 20.735303299996303, 21.32805679999001, 25.475870700000087, 29.378547999993316, 35.36908649999532, 39.881003100003, 46.1410440000036, 46.331960499999695, 46.72683460000553, 47.94511829999101, 49.953091399991536, 50.63151170000492, 50.70320340000035, 53.4942682999972], "waiting_jobs": [0, 0, 1, 2, 3, 4, 5, 6, 7, 8, 9, 10, 11, 12, 13, 14, 15, 16, 17, 18], "real_waiting_time": [0.0004596710205078125, 3.029550075531006, 3.293977975845337, 7.768990993499756, 16.125422716140747, 19.86674666404724, 20.157377243041992, 20.714540004730225, 21.30728554725647, 25.454672813415527, 29.35288166999817, 35.349969148635864, 39.86046648025513, 46.121548891067505, 46.30769896507263, 46.70588302612305, 47.92421746253967, 49.95371866226196, 50.610655546188354, 50.684475898742676]}