{
    "x_list": [
        [
            10,
            50,
            100
        ]
    ],
    "y_lists": [
        [
            [
                5.510993242263794,
                18.178536891937256,
                31.185853242874146
            ],
            [
                5.039666414260864,
                13.09533977508545,
                22.26451873779297
            ],
            [
                5.0777082443237305,
                14.818941116333008,
                25.215389728546143
            ]
        ]
    ],
    "titles": [
        "Respons time comparison"
    ],
    "xlabels": [
        "Loops Index"
    ],
    "ylabels": [
        "Response Time"
    ],
    "smooth": false,
    "window_size": 2,
    "legends": [
        "round-robin",
        "min-entropy",
        "least-connect"
    ]
}