{
    "x_list": [
        [
            10,
            50,
            100
        ]
    ],
    "y_lists": [
        [
            [
                5.757004737854004,
                16.61964225769043,
                34.13618326187134
            ],
            [
                4.112112760543823,
                13.27994179725647,
                37.029929637908936
            ],
            [
                4.877915859222412,
                15.279175758361816,
                37.030794858932495
            ]
        ]
    ],
    "titles": [
        "Respons time comparison"
    ],
    "xlabels": [
        "Loops Index"
    ],
    "ylabels": [
        "Response Time"
    ],
    "smooth": false,
    "window_size": 2,
    "legends": [
        "round-robin",
        "min-entropy",
        "least-connect"
    ]
}