{"request_number": [445618, 48988, 340856, 65952, 74493, 90486, 260023, 481676, 238378, 2199, 181568, 191874, 387151, 382328, 2090, 398653, 210642, 475520, 350920, 69051, 320219, 313290, 148757, 346673, 425302, 490742, 482600, 455688, 304723, 46517, 257810, 452161, 411900, 113189, 362521, 440022, 213166, 116289, 192078, 319626, 257558, 243, 85538, 370211, 369669, 250460, 211314, 320045, 205393, 196538], "predicted_processing_time": [10.424696922302246, 0.6044009923934937, 7.031777858734131, 0.6044009923934937, 0.7313107252120972, 0.7313107252120972, 4.716846466064453, 11.619933128356934, 3.8897886276245117, 0.6044009923934937, 2.3726353645324707, 2.3726353645324707, 7.994510173797607, 7.994510173797607, 0.6044009923934937, 7.994510173797607, 3.320652961730957, 11.619933128356934, 7.240908145904541, 0.6044009923934937, 6.260684967041016, 6.260684967041016, 1.9338699579238892, 7.240908145904541, 9.237252235412598, 12.1029634475708, 11.619933128356934, 10.87282657623291, 5.870300769805908, 0.6044009923934937, 4.716846466064453, 10.87282657623291, 9.237252235412598, 1.3407186269760132, 7.240908145904541, 10.424696922302246, 3.5429999828338623, 1.3407186269760132, 2.3726353645324707, 6.260684967041016, 4.716846466064453, 0.6044009923934937, 0.7313107252120972, 7.994510173797607, 7.994510173797607, 3.8897886276245117, 3.5429999828338623, 6.260684967041016, 3.320652961730957, 2.3726353645324707], "real_processing_time": [10.749635148997186, 0.4291712630074471, 7.196841714991024, 0.6709497910051141, 0.7895602899952792, 1.0279974800068885, 4.8411259060085285, 11.995658744999673, 4.244932664994849, 0.007760485023027286, 2.8570730260107666, 3.0946656400046777, 8.68650893800077, 8.51113913199515, 0.0068559059873223305, 9.077304795006057, 3.561145043990109, 11.749632216000464, 7.530425548990024, 0.7085190609795973, 6.570117390016094, 6.354218017979292, 2.147429901990108, 7.384703390009236, 9.985407915984979, 12.329286908003269, 12.014308528974652, 11.051993090019096, 6.099266033008462, 0.4044961830077227, 4.77784792901366, 10.916139642999042, 9.514919828012353, 1.4484734789875802, 7.890584820997901, 10.490748301002895, 3.6077766609960236, 1.4901941810094286, 3.099779279989889, 6.535210950998589, 4.7719091049802955, 0.0012774420029018074, 0.9676807200012263, 8.122719034989132, 8.107425938971573, 4.573883614008082, 3.5660777110024355, 6.568375062022824, 3.413022367982194, 3.1968080349906813], "response_time": [10.767812799997046, 11.213128300005337, 18.406250499989255, 19.07596640000702, 19.86384689999977, 20.905962299992098, 25.745618200002355, 37.738729999997304, 41.98068459999922, 41.987685700005386, 44.84160919999704, 47.93362870000419, 56.61436870000034, 65.12187209998956, 65.12374289998843, 74.19913839999936, 77.75593020000088, 89.50362229999155, 97.03195459999552, 97.73712859999796, 104.30424960001255, 110.65604319999693, 112.80089790000056, 120.18485980000696, 130.1670441999886, 142.49345300000277, 154.5050515000039, 165.55529699999897, 171.6519690999994, 172.05326620000415, 176.82803410000633, 187.73885000000882, 197.25228010000137, 198.69596099999035, 206.5853716999991, 217.07451859999856, 220.6789940000017, 222.16664379999565, 225.26514449999377, 231.7979067999986, 236.56762400000298, 236.56664729998738, 237.53226770000765, 245.65414559999772, 253.7582762999955, 258.37420909998764, 261.9382276999968, 268.5035901000083, 271.91476089999196, 275.1091620000079], "waiting_jobs": [0, 48, 47, 46, 45, 44, 43, 42, 41, 40, 39, 38, 37, 36, 35, 34, 33, 32, 31, 30, 29, 28, 27, 26, 25, 24, 23, 22, 21, 20, 19, 18, 17, 16, 15, 14, 13, 12, 11, 10, 9, 8, 7, 6, 5, 4, 3, 2, 1, 0], "real_waiting_time": [0.0018818378448486328, 5.544527292251587, 6.189111709594727, 13.600714206695557, 14.487157344818115, 15.491393566131592, 16.73582911491394, 21.793590307235718, 34.00227379798889, 38.461787700653076, 38.68539905548096, 41.75794959068298, 45.06783413887024, 53.96868538856506, 62.69568395614624, 62.91811728477478, 72.21039962768555, 75.98564887046814, 87.95467567443848, 95.69991064071655, 96.62730598449707, 103.41438579559326, 109.98506832122803, 112.34685015678406, 119.94735598564148, 130.14841389656067, 142.6938898563385, 154.92474055290222, 166.19090366363525, 172.50527167320251, 173.12528944015503, 178.1189968585968, 189.25251054763794, 198.98334431648254, 200.64601182937622, 208.75572085380554, 219.46248507499695, 223.2880563735962, 224.99441599845886, 228.31222987174988, 235.0637331008911, 240.04912662506104, 240.26655554771423, 241.45035862922668, 249.7887363433838, 258.1324255466461, 262.92803144454956, 266.7084946632385, 273.4913537502289, 277.1209719181061], "user_cpu_time": [8.610000000000014, 0.37000000000000455, 5.779999999999973, 0.5499999999999545, 0.660000000000025, 0.8500000000000227, 3.8799999999999955, 9.610000000000014, 3.420000000000016, 0.009999999999990905, 2.3000000000000114, 2.5, 6.9599999999999795, 6.840000000000032, 0.009999999999990905, 7.279999999999973, 2.8600000000000136, 9.430000000000007, 6.029999999999973, 0.5800000000000409, 5.269999999999982, 5.100000000000023, 1.7300000000000182, 5.92999999999995, 8.0, 9.870000000000005, 9.639999999999986, 8.850000000000023, 4.899999999999977, 0.34000000000003183, 3.8299999999999272, 8.759999999999991, 7.6400000000001, 1.169999999999959, 6.32000000000005, 8.409999999999968, 2.909999999999968, 1.2100000000000364, 2.5, 5.259999999999991, 3.830000000000041, 0.0, 0.7899999999999636, 6.519999999999982, 6.510000000000105, 3.67999999999995, 2.8799999999999955, 5.269999999999982, 2.759999999999991, 2.580000000000041], "system_cpu_time": [0.0, 0.0, 0.0, 0.0, 0.0, 0.0, 0.0, 0.0, 0.0, 0.0, 0.0, 0.0, 0.0, 0.0, 0.0, 0.0, 0.0, 0.0, 0.009999999999999953, 0.0, 0.0, 0.0, 0.0, 0.0, 0.0, 0.0, 0.0, 0.0, 0.0, 0.0, 0.0, 0.0, 0.0, 0.0, 0.0, 0.0, 0.0, 0.0, 0.0, 0.0, 0.0, 0.0, 0.0, 0.0, 0.0, 0.0, 0.0, 0.0, 0.0, 0.0], "cpu_spent_usage": [80.09574167550446, 86.21266890220099, 80.31300713422988, 81.9733469438941, 83.59083003072143, 82.68502759309555, 80.14664512617533, 80.11231566591448, 80.56664898839252, 128.85792537861258, 80.5019675402355, 80.78417156550137, 80.12424841413733, 80.36527066379449, 145.85964303598254, 80.20001712408198, 80.31124721602205, 80.25783128052623, 80.20795054284885, 81.86088871033814, 80.21165661374998, 80.2616464460229, 80.56141895000899, 80.30112635292362, 80.11690726418226, 80.05329159461058, 80.23765976003865, 80.07605440861465, 80.33753526214126, 84.05518130526846, 80.16161369938355, 80.24814894721625, 80.29494875519177, 80.77469259690817, 80.09545735040685, 80.1658733838461, 80.65909487857779, 81.1974718073591, 80.65090363492445, 80.48707286482092, 80.26137790434413, 0.0, 81.63849745802133, 80.2686880084694, 80.29675570278349, 80.45679143932514, 80.76099943403698, 80.23293356784976, 80.86674221334579, 80.70550285661933]}