{"request_number": [2.08907, 2.75818, 1.78206, 1.25482, 1.57412, 0.91907, 1.4116, 3.78133, 4.13763, 0.68857, 2.12696, 1.48232, 2.07565, 3.73771, 0.49015, 2.32388, 0.347, 3.42411, 2.02594, 4.93762], "predicted_processing_time": [3.320652961730957, 4.972780227661133, 2.3726353645324707, 1.7052487134933472, 1.9338699579238892, 0.7313107252120972, 1.9338699579238892, 7.994510173797607, 9.237252235412598, 0.6044009923934937, 3.5429999828338623, 1.9338699579238892, 3.320652961730957, 7.994510173797607, 0.6044009923934937, 3.8897886276245117, 0.6044009923934937, 7.240908145904541, 3.320652961730957, 12.1029634475708], "real_processing_time": [3.5711992410069797, 5.261934497015318, 2.797460684989346, 1.6650033660116605, 2.3340651000034995, 1.0489019789965823, 1.9770922670140862, 8.384752211015439, 9.578907417017035, 0.6983227129967418, 3.5994731370010413, 2.114162150013726, 3.472682291001547, 8.231316474993946, 0.44544841299648397, 4.0965670209843665, 0.2673654920072295, 7.2416513040079735, 3.354594899021322, 12.422164274001261], "predicted_processing_time + predicted_waiting_time": [6.641305923461914, 13.266213417053223, 13.038703918457031, 14.076565980911255, 16.239057183265686, 15.767808675765991, 18.904237866401672, 32.959388256073, 43.439382553100586, 35.410932302474976, 41.89253127574921, 42.21727120876312, 46.92470717430115, 59.593074560165405, 52.807366371154785, 59.982542634010315, 57.30155599117279, 71.17897129058838, 70.57936906814575, 91.4646430015564], "response_time": [3.592208899994148, 8.847709000008763, 11.662351699997089, 13.325754799996503, 15.656941399996867, 16.702806500004954, 18.678152000007685, 27.05848560000595, 36.635176700001466, 37.33204389999446, 40.928203999996185, 43.040394800002105, 46.51025620001019, 54.759985299999244, 55.201556999993045, 59.29549569998926, 59.56162970000878, 66.80050530000881, 70.15356369999063, 82.57365910000226], "waiting_jobs": [0, 0, 1, 2, 3, 4, 5, 6, 7, 8, 9, 10, 11, 12, 13, 14, 15, 16, 17, 18], "real_waiting_time": [0.006570339202880859, 3.573306083679199, 8.853898048400879, 11.648916006088257, 13.311092853546143, 15.642692804336548, 16.68925642967224, 18.661733865737915, 27.04417848587036, 36.62152099609375, 37.31591773033142, 40.91472578048706, 43.02490496635437, 46.49608635902405, 54.744619607925415, 55.187113761901855, 59.28267979621887, 59.54674482345581, 66.78711223602295, 70.13877081871033]}