{
    "request_number": [307809, 436554, 463248, 456628, 142847, 119897, 261965, 116286, 129769, 148647, 420829, 224031, 421873, 385202, 355820, 222254, 390230, 247128, 222488, 107325],
    "predicted_processing_time": [
        8.026947021484375, 1.6949963569641113, 4.906463623046875, 5.836461067199707, 12.867881774902344, 4.906463623046875, 9.90332317352295, 11.209308624267578, 12.702749252319336, 5.114596366882324,
        12.866610527038574, 3.4622817039489746, 2.280951976776123, 2.0239241123199463, 7.873047351837158, 2.0239241123199463, 2.5855257511138916, 14.22805404663086, 14.503607749938965,
        13.352946281433105
    ],
    "real_processing_time": [null, null, null, null, null, null, null, null, null, null, null, null, null, null, null, null, null, null, null, null],
    "response_time": [
        6.201664699998219, 7.5163496999957715, 11.308732899997267, 15.71813739999925, 24.386117599999125, 28.179252900001302, 35.73939919999975, 44.23057870000048, 53.966239100001985,
        57.78668789999938, 67.46821869999985, 69.57073179999861, 71.28104289999465, 72.75967839999794, 77.55918820000079, 79.07250530000601, 81.05843660000392, 92.00928740000381, 103.16884029999346,
        113.41249649999372
    ],
    "waiting_jobs": [0, 18, 17, 16, 15, 14, 13, 12, 11, 10, 9, 8, 7, 6, 5, 4, 3, 2, 1, 0],
    "real_waiting_time": [
        0.0030384063720703125, 4.2947187423706055, 5.815605401992798, 9.809517860412598, 14.425806283950806, 23.302134037017822, 27.315054416656494, 35.09010124206543, 43.791016817092896,
        53.73525428771973, 57.7671594619751, 67.66796970367432, 69.98079824447632, 71.90104174613953, 73.58881115913391, 78.60229516029358, 80.33526706695557, 82.52848529815674, 93.68968653678894,
        105.04401397705078
    ],
    "cpu_spent_usage": [
        80.24084352410806, 81.05093653894016, 80.56392771491154, 80.53077935578412, 80.23124607613669, 80.505209136074, 80.30389239796132, 80.3049802286269, 80.0806832601122, 80.55542324071725,
        80.24705998836971, 81.11573835432247, 81.73010804189899, 80.82843522040268, 80.37847665858722, 81.53016384878333, 80.67547143886738, 80.03842312848694, 80.16586951116722, 80.07000536190847
    ]
}
