{
    "x_list": [
        [
            5,
            6,
            10
        ]
    ],
    "y_lists": [
        [
            [
                14.0634765625,
                17.738175868988037,
                29.596428394317627
            ],
            [
                14.017658472061157,
                17.75224232673645,
                25.71893620491028
            ],
            [
                21.772846937179565,
                25.64083695411682,
                41.46333694458008
            ],
            [
                13.860385179519653,
                17.725322484970093,
                29.590023279190063
            ]
        ]
    ],
    "titles": [
        "Respons time comparison"
    ],
    "xlabels": [
        "Loops Index"
    ],
    "ylabels": [
        "Response Time"
    ],
    "smooth": false,
    "window_size": 2,
    "legends": [
        "shortest",
        "round-robin",
        "min-entropy",
        "least-connect"
    ]
}