{
    "x_list": [
        [
            5,
            6,
            10
        ]
    ],
    "y_lists": [
        [
            [
                13.790479183197021,
                17.79922580718994,
                25.83074402809143
            ],
            [
                13.803482055664062,
                17.851004123687744,
                29.715471506118774
            ],
            [
                21.655556440353394,
                25.750057220458984,
                41.529266357421875
            ],
            [
                17.78753685951233,
                17.98045015335083,
                29.572360515594482
            ]
        ]
    ],
    "titles": [
        "Respons time comparison"
    ],
    "xlabels": [
        "Loops Index"
    ],
    "ylabels": [
        "Response Time"
    ],
    "smooth": false,
    "window_size": 2,
    "legends": [
        "shortest",
        "round-robin",
        "min-entropy",
        "least-connect"
    ]
}