{
    "x_list": [
        [
            10,
            50,
            100,
            500,
            1000
        ]
    ],
    "y_lists": [
        [
            [
                34.995439529418945,
                215.06687331199646,
                428.25064635276794,
                1367.7164080142975,
                4246.103145837784
            ],
            [
                37.08757495880127,
                135.29239678382874,
                428.03961539268494,
                1328.2819933891296,
                2695.985682964325
            ],
            [
                48.241265535354614,
                136.93971467018127,
                427.9250900745392,
                2124.5327966213226,
                2624.546760082245
            ]
        ]
    ],
    "titles": [
        "Respons time comparison"
    ],
    "xlabels": [
        "Loops Index"
    ],
    "ylabels": [
        "Response Time"
    ],
    "smooth": false,
    "window_size": 2,
    "legends": [
        "round-robin",
        "min-entropy",
        "least-connect"
    ]
}