{"request_number": [0.39707, 2.57657, 1.07683, 1.32839, 3.46352, 0.95328, 1.95474, 4.39503, 3.70461, 0.48165, 0.83903, 2.72711, 0.6111, 3.69732, 0.0053, 3.45021, 0.39386, 2.2926, 1.90943, 2.08341, 0.01976, 1.08101, 4.12245, 2.20627, 0.16527, 1.96571, 2.15806, 3.53809, 3.82662, 3.75701, 1.4535, 4.60821, 2.62771, 1.61749, 3.27595, 4.64247, 0.82337, 3.17336, 4.80331, 1.15181, 0.57957, 2.90208, 3.44055, 0.16081, 4.8671, 0.51403, 0.57965, 1.59163, 4.37889, 4.82251, 0.9732, 2.83471, 1.74584, 4.1078, 4.80654, 0.37957, 0.54616, 0.31587, 1.64213, 3.90589, 2.43944, 1.09662, 4.12513, 2.0112, 4.62145, 3.93611, 0.7691, 3.1674, 0.61221, 4.40512, 0.70357, 4.93775, 2.65321, 3.28612, 2.19833, 0.48023, 2.96324, 0.98421, 4.51663, 3.89014], "predicted_processing_time": [0.6044009923934937, 4.716846466064453, 1.16096031665802, 1.7317898273468018, 7.240908145904541, 0.7313107252120972, 2.3726353645324707, 10.424696922302246, 7.994510173797607, 0.6044009923934937, 0.7313107252120972, 4.972780227661133, 0.6044009923934937, 7.994510173797607, 0.6044009923934937, 7.240908145904541, 0.6044009923934937, 3.8897886276245117, 2.3726353645324707, 3.320652961730957, 0.6044009923934937, 1.16096031665802, 9.237252235412598, 3.5429999828338623, 0.6044009923934937, 2.3726353645324707, 3.5429999828338623, 7.240908145904541, 7.994510173797607, 7.994510173797607, 1.9338699579238892, 11.23463249206543, 4.716846466064453, 2.3726353645324707, 6.260684967041016, 11.23463249206543, 0.7313107252120972, 6.260684967041016, 11.619933128356934, 1.3407186269760132, 0.6044009923934937, 5.506595134735107, 7.240908145904541, 0.6044009923934937, 12.1029634475708, 0.6044009923934937, 0.6044009923934937, 1.9338699579238892, 9.237252235412598, 11.619933128356934, 1.16096031665802, 4.972780227661133, 2.3726353645324707, 9.237252235412598, 11.619933128356934, 0.6044009923934937, 0.6044009923934937, 0.6044009923934937, 2.3726353645324707, 7.994510173797607, 3.8897886276245117, 1.3407186269760132, 9.237252235412598, 2.3726353645324707, 11.23463249206543, 7.994510173797607, 0.7313107252120972, 6.260684967041016, 0.6044009923934937, 10.424696922302246, 0.7313107252120972, 12.1029634475708, 4.972780227661133, 6.260684967041016, 3.5429999828338623, 0.6044009923934937, 5.506595134735107, 1.16096031665802, 10.87282657623291, 7.994510173797607], "real_processing_time": [0.31268381798872724, 4.7708160979964305, 1.3465232989983633, 1.8004293449921533, 7.3730663010210264, 1.133086966990959, 3.1796444869833067, 10.474586517986609, 8.143154952005716, 0.4400726570165716, 0.9673095140024088, 5.184696191980038, 0.5951661819999572, 8.133771930995863, 0.002027857000939548, 7.325441021006554, 0.31401073597953655, 4.027648781979224, 3.0662151349824853, 3.509185429982608, 0.0063776319730095565, 1.3302073969971389, 9.536816019011894, 3.8039917959831655, 0.08747128199320287, 3.2073229150264524, 3.678039352002088, 7.611023503995966, 8.52680552599486, 8.30079194199061, 2.062563499988755, 11.215530710003804, 4.9049910440226085, 2.423715134995291, 6.807358623977052, 11.339460640010657, 0.9000009399896953, 6.474695177021204, 11.951460389973363, 1.4632144600036554, 0.5568628720066044, 5.678477149980608, 7.295579553989228, 0.0845423330029007, 12.177063470007852, 0.4488236990000587, 0.5610435819835402, 2.3637818389979657, 10.410572278982727, 12.002222514012828, 1.1612421649915632, 5.486019755975576, 2.690286979021039, 9.481862861983245, 11.945913233997999, 0.29642766498727724, 0.499472405994311, 0.23956090401043184, 2.451269498007605, 8.821422542008804, 4.412294932000805, 1.3486828939931002, 9.548382070002845, 3.304991570999846, 11.273938852013089, 8.898146616003942, 0.8189013810188044, 6.464557839994086, 0.5916743379784748, 10.554775736003648, 0.7287883399985731, 12.426024187996518, 4.980261858989252, 6.837986261001788, 3.7928709580155555, 0.4277256430068519, 5.860891422984423, 1.1658503499929793, 10.919736806012224, 8.737357342994073], "predicted_processing_time + predicted_waiting_time": [7.657438278198242, 9.433692932128906, 9.374957919120789, 8.180426120758057, 22.69581389427185, 16.917527198791504, 20.931487202644348, 39.40824568271637, 44.97256910800934, 38.18686091899872, 39.04508137702942, 48.25933110713959, 44.49535286426544, 59.87997221946716, 53.09426403045654, 66.97167932987213, 60.93957316875458, 68.11474943161011, 68.97023153305054, 73.23890209197998, 71.12705111503601, 72.84457075595856, 90.15811491012573, 88.00686264038086, 85.67266464233398, 89.81353437900543, 94.52689898014069, 105.4657152891159, 114.21382749080658, 122.20833766460419, 118.08156740665436, 138.61696243286133, 136.8160228729248, 136.8444471359253, 146.99318170547485, 163.2017617225647, 153.42975068092346, 165.2198098897934, 182.19899117946625, 173.26049530506134, 173.12857866287231, 183.53736793994904, 192.512589097023, 186.48048293590546, 210.08200883865356, 194.4710009098053, 195.0754019021988, 198.33874082565308, 214.87937533855438, 228.88198935985565, 219.58397686481476, 228.368577003479, 228.1410675048828, 244.24293661117554, 258.2455506324768, 247.83441948890686, 248.43882048130035, 249.04322147369385, 253.1840912103653, 266.80047619342804, 266.58554327487946, 265.37719190120697, 276.0623414516449, 271.57035994529724, 291.66698956489563, 296.4213774204254, 282.83645141124725, 294.6265106201172, 289.57462763786316, 309.81962049007416, 300.8575450181961, 324.3321611881256, 322.1747581958771, 329.723347902298, 330.5486629009247, 328.2144649028778, 338.62325417995453, 335.43857967853546, 356.02327251434326, 352.9254686832428], "response_time": [6.885323199996492, 4.787237399999867, 8.228749200003222, 6.574916099998518, 15.5994922999962, 16.745880599992233, 19.921335999999428, 30.39377000000968, 38.53388220000488, 38.972299300003215, 39.93721250000817, 45.1206772000005, 45.713155599994934, 53.844410600009724, 53.84212879999541, 61.16607130000193, 61.477892599999905, 65.50473479999346, 68.59100820000458, 72.09837300000072, 72.10255090000283, 73.43160939999507, 82.96554210000613, 86.76520000000892, 86.85031550000713, 90.05463349999627, 93.73054639999464, 101.33957889999147, 109.86276310001267, 118.15997879998758, 120.22164390000398, 131.43627459999698, 136.34247519999917, 138.76151100000425, 145.5797559000057, 156.9165634999954, 157.81412769999588, 164.28724949999014, 176.2365213000012, 177.71750619998784, 178.27126570000837, 183.94742479998968, 191.24163150000095, 191.3222567000048, 203.5118352999998, 203.9591597000108, 204.53652209999564, 206.89752379999845, 217.30659449999803, 229.3066159000009, 230.464733300003, 235.9476799999975, 238.63538189999235, 248.11450680000416, 260.0576960000035, 260.35253789999115, 260.8495908999903, 261.08566009999777, 263.534490200007, 272.352696300004, 276.76393559999997, 278.11087950000365, 287.67879260001064, 290.98178929999995, 302.2521146000072, 311.14655179998954, 311.96317380000255, 318.42630890000146, 319.0144532999984, 329.5654091000033, 330.2907034999953, 342.7149531000032, 347.692879299997, 354.525988399997, 358.31786439999996, 358.7411778000096, 364.60087330000533, 365.7853705000016, 376.70331050000095, 385.4389782999933], "waiting_jobs": [1, 0, 2, 0, 3, 4, 5, 6, 7, 8, 9, 10, 11, 12, 13, 14, 15, 16, 17, 18, 19, 20, 21, 22, 23, 24, 25, 26, 27, 28, 29, 30, 31, 32, 33, 34, 35, 36, 37, 38, 39, 40, 41, 42, 43, 43, 44, 45, 46, 47, 48, 49, 50, 51, 52, 53, 54, 55, 56, 57, 58, 59, 60, 60, 61, 62, 63, 63, 64, 65, 66, 67, 68, 69, 70, 71, 72, 73, 74, 75],