{"request_number": [2.5688, 0.7638, 0.744, 0.11117, 2.28578, 3.24824, 2.23763, 3.39252, 2.60872, 0.06256, 2.96156, 3.13432, 4.14387, 2.85672, 4.90211, 4.17455, 3.99826, 0.72986, 0.77968, 3.44138, 1.67443, 3.85274, 2.55886, 0.49348, 3.90793, 4.13459, 4.31962, 2.8607, 4.96482, 3.32209, 4.05783, 1.66577, 1.21245, 2.24625, 1.87226, 3.69784, 3.94103, 2.39361, 3.76859, 1.23891], "predicted_processing_time": [4.716846466064453, 0.7313107252120972, 0.7313107252120972, 0.6044009923934937, 3.8897886276245117, 6.260684967041016, 3.865640878677368, 7.031777858734131, 4.716846466064453, 0.6044009923934937, 5.506595134735107, 6.260684967041016, 9.237252235412598, 5.506595134735107, 12.1029634475708, 9.237252235412598, 7.994510173797607, 0.7313107252120972, 0.7313107252120972, 7.240908145904541, 2.3726353645324707, 7.994510173797607, 4.716846466064453, 0.6044009923934937, 7.994510173797607, 9.237252235412598, 9.237252235412598, 5.506595134735107, 12.445389747619629, 6.882800102233887, 9.237252235412598, 2.3726353645324707, 1.5633071660995483, 3.8897886276245117, 2.3726353645324707, 7.994510173797607, 7.994510173797607, 3.8897886276245117, 7.994510173797607, 1.5633071660995483], "real_processing_time": [4.758087162976153, 0.8088851999782491, 0.7848871480091475, 0.052188490983098745, 4.000129280000692, 6.705007078999188, 3.8767340229824185, 7.14354183501564, 4.862419579003472, 0.025180494994856417, 5.85831542298547, 6.342400374007411, 9.61269615701167, 5.541742884000996, 12.299494529986987, 9.72311643199646, 9.120648382988293, 0.7683904230070766, 0.8411790829850361, 7.296957577986177, 2.5451400830061175, 8.6245443780208, 4.713724711997202, 0.4489375539997127, 8.8043348530191, 9.570860282023204, 10.216756451001856, 5.572592459997395, 12.5402497779869, 6.942780440993374, 9.31816839898238, 2.5082959849969484, 1.586640406982042, 3.8974560649949126, 2.982941980997566, 8.109821167017799, 8.911528090015054, 4.281645415001549, 8.350917081988882, 1.6332289139973], "predicted_processing_time + predicted_waiting_time": [9.433692932128906, 6.1794679164886475, 6.910778641700745, 7.388269901275635, 14.563446164131165, 23.195027470588684, 24.665624260902405, 34.8635390996933, 37.265454173088074, 33.75740969181061, 44.16619896888733, 51.18097376823425, 63.39479327201843, 65.17073130607605, 83.87006306648254, 90.24160408973694, 96.99337220191956, 90.46148347854614, 91.19279420375824, 104.94329977035522, 102.44766235351562, 116.06404733657837, 117.50323009490967, 113.9951856136322, 129.37980496883392, 139.8597992658615, 149.0970515012741, 150.87298953533173, 170.25717389583588, 171.57738435268402, 183.16908872127533, 178.67710721492767, 179.4310861825943, 185.64735627174377, 186.5028383731842, 200.11922335624695, 208.11373353004456, 207.89880061149597, 219.99803233146667, 215.13013648986816], "response_time": [4.777231099986238, 5.5780740000045625, 6.360448199993698, 6.410326299999724, 10.407408600003691, 17.109044600001653, 20.981011800002307, 28.121334900002694, 32.981016100005945, 33.00238689999969, 38.85886939999182, 45.220993399998406, 54.83253810000315, 60.37180370000715, 72.66836359999434, 82.39088920000358, 91.5244154999964, 92.30521350000345, 93.14287409999815, 100.4383555999957, 102.99567019999085, 111.61650689999806, 116.32763960000011, 116.77291600000171, 125.57454479999433, 135.14510229999723, 145.35967200000596, 150.92898779999814, 163.46818489998986, 170.41137460000755, 179.72684049999225, 182.23374799999874, 183.81748349999543, 187.71184420000645, 190.69357930000115, 198.80036660000042, 207.71115249999275, 211.99029410000367, 220.3379791000043, 221.96723739999288], "waiting_jobs": [0, 0, 1, 2, 3, 4, 5, 6, 7, 8, 9, 10, 11, 12, 13, 14, 15, 16, 17, 18, 19, 20, 21, 22, 23, 24, 25, 26, 27, 28, 29, 30, 31, 32, 33, 34, 35, 36, 37, 38], "real_waiting_time": [0.006222963333129883, 4.757595539093018, 5.563888788223267, 6.346868515014648, 6.394063949584961, 10.391266345977783, 17.092862367630005, 20.963889360427856, 28.106910228729248, 32.96603727340698, 32.989078760147095, 38.845925092697144, 45.208555698394775, 54.81782603263855, 60.357704162597656, 72.65606737136841, 82.39227795600891, 91.52411556243896, 92.29099774360657, 93.12992143630981, 100.43885898590088, 102.9804790019989, 111.60218381881714, 116.31138038635254, 116.75888133049011, 125.56192684173584, 135.13165140151978, 145.3452343940735, 150.91723918914795, 163.45723843574524, 170.3974325656891, 179.71383213996887, 182.21936082839966, 183.80219507217407, 187.6989860534668, 190.67834663391113, 198.78763008117676, 207.69667840003967, 211.97559142112732, 220.32215452194214]}