{"request_number": [4.88591, 3.624, 3.22704, 4.65115, 2.94013, 0.67857, 3.20135, 3.82128, 1.01213, 2.23902, 4.72831, 0.06324, 4.46399, 2.30256, 4.51793, 0.28273, 0.89786, 2.83956, 0.74711, 3.43467], "predicted_processing_time": [12.1029634475708, 7.240908145904541, 6.260684967041016, 11.38117790222168, 5.506595134735107, 0.6044009923934937, 6.260684967041016, 7.994510173797607, 1.16096031665802, 3.865640878677368, 11.619933128356934, 0.6044009923934937, 10.424696922302246, 3.8897886276245117, 10.87282657623291, 0.6044009923934937, 0.7313107252120972, 4.972780227661133, 0.7313107252120972, 7.240908145904541], "real_processing_time": [12.299474436003948, 7.903666891012108, 6.644283640984213, 11.389853499014862, 5.784922816004837, 0.6875553910213057, 6.573134762002155, 8.515516942017712, 1.2187105750199407, 3.8820786429860163, 11.669155087001855, 0.02561847900506109, 10.731041844992433, 4.0501333420106675, 10.908705269976053, 0.1940471609996166, 1.0378719820000697, 5.500608648988418, 0.7930173329950776, 7.28581788498559], "predicted_processing_time + predicted_waiting_time": [2464.8545088768005, 2467.233361721039, 2472.5138235092163, 2489.0154943466187, 2488.647506713867, 2484.349713563919, 2496.2666825056076, 2505.995017886162, 2500.3224283456802, 2506.892749786377, 2526.2669751644135, 2515.8558440208435, 2536.1008368730545, 2533.4557172060013, 2551.3115817308426, 2541.6475571393967, 2542.5057775974274, 2551.7200273275375, 2548.2098685503006, 2561.9603741168976], "response_time": [12.319293400010793, 20.23798249999527, 26.879926899986458, 38.26771300000837, 44.04914620000636, 44.73211820000142, 51.30096369999228, 59.81301830000302, 61.02942880000046, 64.90900800000236, 76.57593839999754, 76.59682479999901, 87.3253723999951, 91.37243760000274, 102.2780070000008, 102.46969889999309, 103.52768740001193, 109.02324599999702, 109.83004169999913, 117.1122328999918], "waiting_jobs": [0, 0, 1, 2, 3, 4, 5, 6, 7, 8, 9, 10, 11, 12, 13, 14, 15, 16, 17, 18], "real_waiting_time": [0.0008578300476074219, 12.316741228103638, 20.218369245529175, 26.860360383987427, 38.24684023857117, 44.0269672870636, 44.710737466812134, 51.2780179977417, 59.79354214668274, 61.00893568992615, 64.88988780975342, 76.55448150634766, 76.577232837677, 87.30474543571472, 91.35187435150146, 102.25762057304382, 102.4723014831543, 103.50496244430542, 109.01922559738159, 109.80944466590881]}