{
    "x_list": [
        [
            5,
            6,
            10
        ]
    ],
    "y_lists": [
        [
            [
                13.906282901763916,
                13.919957637786865,
                17.903228282928467
            ],
            [
                13.919403553009033,
                14.061280012130737,
                18.128849506378174
            ],
            [
                13.933672428131104,
                13.947417736053467,
                21.900834798812866
            ]
        ]
    ],
    "titles": [
        "Respons time comparison"
    ],
    "xlabels": [
        "Loops Index"
    ],
    "ylabels": [
        "Response Time"
    ],
    "smooth": false,
    "window_size": 2,
    "legends": [
        "round-robin",
        "min-entropy",
        "least-connect"
    ]
}