{
    "x_list": [
        [
            5,
            6,
            10
        ]
    ],
    "y_lists": [
        [
            [
                10.063422918319702,
                14.063121318817139,
                17.806172370910645
            ],
            [
                10.065107583999634,
                13.990951776504517,
                17.88680624961853
            ],
            [
                10.128557205200195,
                14.095056533813477,
                17.829960823059082
            ]
        ]
    ],
    "titles": [
        "Respons time comparison"
    ],
    "xlabels": [
        "Loops Index"
    ],
    "ylabels": [
        "Response Time"
    ],
    "smooth": false,
    "window_size": 2,
    "legends": [
        "round-robin",
        "min-entropy",
        "least-connect"
    ]
}