{
    "predicted_processing_time": [
        3.320652961730957, 11.38117790222168, 4.972780227661133, 7.994510173797607, 7.994510173797607, 4.972780227661133, 2.3726353645324707, 1.9338699579238892, 10.87282657623291, 12.1029634475708,
        3.8897886276245117, 3.5429999828338623, 7.240908145904541, 9.237252235412598, 6.260684967041016, 2.3726353645324707, 9.237252235412598, 0.6044009923934937, 1.9338699579238892,
        1.7317898273468018
    ],
    "real_processing_time": [
        3.4900781589967664, 11.420244309992995, 5.129626151989214, 8.628031167987501, 8.476909000019077, 5.24928250600351, 2.5511867809982505, 2.1628397589956876, 10.791540774021996,
        11.985594190016855, 4.207415848999517, 3.6920971119834576, 7.1984733440040145, 9.682176293979865, 6.5799504820024595, 2.7418337400013115, 9.333479056018405, 0.20192046099691652,
        2.009763465001015, 1.789351326005999
    ],
    "predicted_processing_time + predicted_waiting_time": [
        6.641305923461914, 125.35146725177765, 107.56189167499542, 105.61084139347076, 97.61633121967316, 86.60009109973907, 79.02716600894928, 76.21576523780823, 83.22085189819336, 73.57816219329834,
        53.26202392578125, 49.02544665336609, 49.180354833602905, 43.93579077720642, 31.72197127342224, 21.57323670387268, 26.065218210220337, 8.195114731788635, 8.920182704925537, 6.7842326164245605
    ],
    "response_time": [
        3.5195514999941224, 12.963168900008895, 18.30733500000497, 27.150250700011384, 35.84496650000801, 41.31058609999309, 44.07759529999748, 46.45585810000193, 57.46406179999758, 69.66618790000211,
        74.09217229999194, 78.00019760000578, 85.41597040000488, 95.3137956999999, 102.10914860000776, 105.0676814000035, 114.61586429999443, 115.03251509999973, 117.25902830000268, 119.26467709999997
    ],
    "real_waiting_time": [
        0, 1.5203917026519775, 13.154905796051025, 18.499396324157715, 27.34554433822632, 36.03888130187988, 41.504260540008545, 44.270975828170776, 46.650349855422974,
        57.65718984603882, 69.86240744590759, 74.28487944602966, 78.19415307044983, 85.60764789581299, 95.50494313240051, 102.30243277549744, 105.25949668884277, 114.8074598312378, 115.2256600856781,
        117.4524576663971
    ]
}
