{
    "x_list": [
        [
            10,
            20
        ]
    ],
    "y_lists": [
        [
            [
                14.27879524230957,
                26.377488613128662
            ],
            [
                14.105263233184814,
                26.714958429336548
            ],
            [
                20.117044925689697,
                26.592151165008545
            ]
        ]
    ],
    "titles": [
        "Respons time comparison"
    ],
    "xlabels": [
        "Loops Index"
    ],
    "ylabels": [
        "Response Time"
    ],
    "smooth": false,
    "window_size": 2,
    "legends": [
        "round-robin",
        "min-entropy",
        "least-connect"
    ]
}