{"request_number": [378665, 494230, 224634, 255739, 284499, 388436, 349651, 33733, 419126, 100071, 173912, 217965, 419656, 84123, 257591, 21336, 338569, 197335, 400311, 241456, 441773, 424115, 311327, 183394, 156697, 144118, 198708, 463788, 255666, 292253, 490298, 183880, 382751, 160632, 459904, 142600, 331451, 325176, 401022, 439075, 142750, 87563, 93584, 267519, 266515, 437631, 263951, 266014, 11595, 135314], "predicted_processing_time": [7.994510173797607, 12.445389747619629, 3.8897886276245117, 4.6838531494140625, 5.506595134735107, 7.994510173797607, 7.240908145904541, 0.6044009923934937, 9.237252235412598, 1.16096031665802, 2.3726353645324707, 3.5429999828338623, 9.237252235412598, 0.7313107252120972, 4.716846466064453, 0.6044009923934937, 7.031777858734131, 2.3726353645324707, 7.994510173797607, 3.8897886276245117, 10.424696922302246, 9.237252235412598, 6.260684967041016, 2.3726353645324707, 1.9338699579238892, 1.9338699579238892, 2.3726353645324707, 11.23463249206543, 4.6838531494140625, 5.506595134735107, 12.1029634475708, 2.3726353645324707, 7.994510173797607, 2.3726353645324707, 10.87282657623291, 1.9338699579238892, 6.882800102233887, 6.260684967041016, 7.994510173797607, 10.424696922302246, 1.9338699579238892, 0.7313107252120972, 0.7313107252120972, 4.972780227661133, 4.972780227661133, 9.237252235412598, 4.716846466064453, 4.972780227661133, 0.6044009923934937, 1.7317898273468018], "real_processing_time": [8.454056928982027, 12.434526732977247, 3.895249061024515, 4.728517390991328, 5.5154940630018245, 8.741004173003603, 7.49429905298166, 0.2535865179961547, 9.792911773023661, 1.202746966999257, 2.6833382539916784, 3.737004316004459, 9.796306002011988, 0.9337437310023233, 4.773126148007577, 0.12212446201010607, 7.147355815017363, 3.240503954992164, 9.143685763003305, 4.332782223995309, 10.565100589999929, 9.92568219799432, 6.295282170991413, 2.8908562370052096, 2.296700831997441, 2.0458198440028355, 3.255143399001099, 11.366459599987138, 4.754173886001809, 5.743052592995809, 12.303872023010626, 2.8981725269986782, 8.550833693007007, 2.3901219819963444, 11.191164768999442, 2.0040897139988374, 6.90558901897748, 6.713545882987091, 9.155885631014826, 10.447883492015535, 2.0244586050102953, 0.9894402780046221, 1.0926794999977574, 5.032114217989147, 5.006598751002457, 10.423603187984554, 4.941341405006824, 4.991014933999395, 0.05513008899288252, 1.8453537469904404], "response_time": [8.49175909999758, 20.9199426999985, 24.812112800005707, 29.558450500000617, 35.071627800003625, 43.81133080000291, 51.30224570000428, 51.55283570000029, 61.34498310000345, 62.54436089999217, 65.22577309999906, 68.95965639999486, 78.75416319999204, 79.68588109999837, 84.45528320000449, 84.5759684999939, 91.72139899998729, 94.95940880000126, 104.1017317000078, 108.43247300000803, 118.99575399998866, 128.91749649999838, 135.20938549999846, 138.11357809999026, 140.40813180000987, 142.45158199999423, 145.70530169999984, 157.06933899999422, 161.82033479999518, 167.56167100000312, 179.86460729999817, 182.76234829999157, 191.31022400000074, 193.6983223999996, 204.88783310000144, 206.88736470000003, 213.79124649999721, 220.5021238999907, 229.65711689999443, 240.10251979999884, 242.14518799999496, 243.1315928999975, 244.22153699999035, 249.2513903000072, 254.256555999993, 264.6920817000064, 269.6304347999976, 274.6039691000042, 274.6720736999996, 276.5299236999999], "waiting_jobs": [0, 48, 47, 46, 45, 44, 43, 42, 41, 40, 39, 38, 37, 36, 35, 34, 33, 32, 31, 30, 29, 28, 27, 26, 25, 24, 23, 22, 21, 20, 19, 18, 17, 16, 15, 14, 13, 12, 11, 10, 9, 8, 7, 6, 5, 4, 3, 2, 1, 0], "real_waiting_time": [0.002096414566040039, 3.2886252403259277, 15.92399525642395, 20.038458824157715, 24.998907566070557, 30.72222137451172, 39.672006368637085, 47.37960410118103, 47.84987020492554, 57.85894322395325, 59.277875900268555, 62.17479181289673, 66.1279468536377, 76.13822436332703, 77.28713989257812, 82.27548170089722, 82.61420750617981, 89.97760677337646, 93.4310884475708, 102.79269409179688, 107.33903121948242, 118.1184446811676, 128.25861620903015, 134.76919269561768, 137.87696647644043, 140.38818311691284, 142.649028301239, 146.11883020401, 157.6866238117218, 162.6563766002655, 168.61696457862854, 181.13577032089233, 184.24881625175476, 193.0133867263794, 195.6201946735382, 207.02582693099976, 209.2443232536316, 216.36570858955383, 223.29535937309265, 232.66374826431274, 243.34962916374207, 245.58917140960693, 246.79411363601685, 248.10091161727905, 253.3490538597107, 258.5726125240326, 269.21059131622314, 274.36676597595215, 279.57393050193787, 279.8387794494629], "user_cpu_time": [6.77000000000001, 9.969999999999999, 3.1399999999999864, 3.789999999999992, 4.439999999999998, 7.0, 6.0, 0.21999999999997044, 7.850000000000023, 0.9899999999999523, 2.160000000000025, 2.990000000000009, 7.840000000000032, 0.7699999999999818, 3.840000000000032, 0.1199999999999477, 5.729999999999961, 2.6200000000000045, 7.319999999999993, 3.4799999999999613, 8.460000000000036, 7.96999999999997, 5.050000000000011, 2.340000000000032, 1.8599999999999568, 1.650000000000034, 2.6299999999999955, 9.110000000000014, 3.8100000000000023, 4.610000000000014, 9.859999999999957, 2.339999999999975, 6.850000000000023, 1.9300000000000068, 8.96999999999997, 1.6200000000000045, 5.5400000000000205, 5.389999999999986, 7.339999999999975, 8.389999999999986, 1.6299999999999955, 0.8100000000000023, 0.8899999999999864, 4.050000000000011, 4.029999999999973, 8.339999999999975, 3.9700000000000273, 4.019999999999982, 0.060000000000002274, 1.509999999999991], "system_cpu_time": [0.0, 0.0, 0.0, 0.0, 0.0, 0.0, 0.0, 0.0, 0.010000000000000009, 0.0, 0.0, 0.010000000000000009, 0.0, 0.0, 0.0, 0.0, 0.0, 0.0, 0.0, 0.010000000000000009, 0.0, 0.0, 0.010000000000000009, 0.0, 0.009999999999999953, 0.0, 0.0, 0.0, 0.0, 0.0, 0.0, 0.0, 0.0, 0.0, 0.0, 0.0, 0.010000000000000009, 0.0, 0.0, 0.0, 0.0, 0.0, 0.0, 0.0, 0.0, 0.0, 0.0, 0.0, 0.0, 0.0], "cpu_spent_usage": [80.07989604128679, 80.17997157510509, 80.61102000943977, 80.15197336950945, 80.5004945936523, 80.08233220639963, 80.06085636004687, 86.75540077540968, 80.26213430873347, 82.31157734447763, 80.49674679615416, 80.27820538370578, 80.03016645651773, 82.46373972154313, 80.45041930439957, 98.26041238979414, 80.16950811320483, 80.85162173506251, 80.05524456688777, 80.54870564857957, 80.07495932416951, 80.29674778032351, 80.37765206643846, 80.94487612514973, 81.42114000862783, 80.65226294665598, 80.79521168889393, 80.14808762449059, 80.1401061752951, 80.27089993259578, 80.13737449121582, 80.74053487848283, 80.10914778522765, 80.74901676725213, 80.15251481997385, 80.83470458852644, 80.36968294446541, 80.28544220810161, 80.1670127369909, 80.303345710275, 80.51535338711983, 81.86446600228442, 81.45114830120022, 80.48306983020763, 80.49376833310353, 80.01072037751418, 80.34255629407467, 80.54473996090971, 108.83349019760963, 81.82712948466532]}