{
    "x_list": [
        [
            5,
            6,
            10
        ]
    ],
    "y_lists": [
        [
            [
                18.555766344070435,
                22.9814510345459,
                41.30669903755188
            ],
            [
                14.762053728103638,
                16.246931791305542,
                27.19323492050171
            ],
            [
                14.71251130104065,
                17.882842302322388,
                30.649595737457275
            ]
        ]
    ],
    "titles": [
        "Respons time comparison"
    ],
    "xlabels": [
        "Loops Index"
    ],
    "ylabels": [
        "Response Time"
    ],
    "smooth": false,
    "window_size": 2,
    "legends": [
        "round-robin",
        "min-entropy",
        "least-connect"
    ]
}