{
    "x_list": [
        [
            5,
            6,
            10
        ]
    ],
    "y_lists": [
        [
            [
                10.05650782585144,
                21.72892999649048,
                21.887203693389893
            ],
            [
                10.043546199798584,
                17.77213740348816,
                21.760655641555786
            ],
            [
                13.923807621002197,
                17.778861045837402,
                21.86160159111023
            ],
            [
                17.792820692062378,
                17.823593139648438,
                25.99795913696289
            ]
        ]
    ],
    "titles": [
        "Respons time comparison"
    ],
    "xlabels": [
        "Loops Index"
    ],
    "ylabels": [
        "Response Time"
    ],
    "smooth": false,
    "window_size": 2,
    "legends": [
        "shortest",
        "round-robin",
        "min-entropy",
        "least-connect"
    ]
}