{
    "x_list": [
        [
            5,
            6,
            10
        ]
    ],
    "y_lists": [
        [
            [
                10.010353088378906,
                9.960633993148804,
                17.893312692642212
            ],
            [
                10.037132740020752,
                9.967479705810547,
                17.86797571182251
            ],
            [
                9.944355010986328,
                10.010217666625977,
                17.914739847183228
            ],
            [
                9.910242319107056,
                9.924891710281372,
                17.900633096694946
            ]
        ]
    ],
    "titles": [
        "Respons time comparison"
    ],
    "xlabels": [
        "Loops Index"
    ],
    "ylabels": [
        "Response Time"
    ],
    "smooth": false,
    "window_size": 2,
    "legends": [
        "shortest",
        "round-robin",
        "min-entropy",
        "least-connect"
    ]
}