{
    "x_list": [
        [
            5,
            6,
            10
        ]
    ],
    "y_lists": [
        [
            [
                4.0040600299835205,
                4.111581563949585,
                5.988829135894775
            ],
            [
                4.025592565536499,
                4.091655015945435,
                5.958317279815674
            ],
            [
                3.9844391345977783,
                4.101921081542969,
                5.9742279052734375
            ]
        ]
    ],
    "titles": [
        "Respons time comparison"
    ],
    "xlabels": [
        "Loops Index"
    ],
    "ylabels": [
        "Response Time"
    ],
    "smooth": false,
    "window_size": 2,
    "legends": [
        "round-robin",
        "min-entropy",
        "least-connect"
    ]
}