{
    "x_list": [
        [
            5,
            6,
            10
        ]
    ],
    "y_lists": [
        [
            [
                3.989539861679077,
                4.0525970458984375,
                5.99282169342041
            ],
            [
                4.016083002090454,
                4.126907587051392,
                5.9555323123931885
            ],
            [
                4.000747919082642,
                4.106595754623413,
                5.9741370677948
            ]
        ]
    ],
    "titles": [
        "Respons time comparison"
    ],
    "xlabels": [
        "Loops Index"
    ],
    "ylabels": [
        "Response Time"
    ],
    "smooth": false,
    "window_size": 2,
    "legends": [
        "round-robin",
        "min-entropy",
        "least-connect"
    ]
}