{
    "x_list": [
        [
            5,
            6,
            10
        ]
    ],
    "y_lists": [
        [
            [
                3.9851181507110596,
                4.0660810470581055,
                5.991396188735962
            ],
            [
                4.013988971710205,
                4.116241216659546,
                5.961501359939575
            ],
            [
                4.002212762832642,
                4.103272199630737,
                5.971513748168945
            ]
        ]
    ],
    "titles": [
        "Respons time comparison"
    ],
    "xlabels": [
        "Loops Index"
    ],
    "ylabels": [
        "Response Time"
    ],
    "smooth": false,
    "window_size": 2,
    "legends": [
        "round-robin",
        "min-entropy",
        "least-connect"
    ]
}