{
    "x_list": [
        [
            5,
            6,
            10
        ]
    ],
    "y_lists": [
        [
            [
                20.78434133529663,
                27.445785760879517,
                48.29988765716553
            ],
            [
                25.15625524520874,
                27.429314851760864,
                48.1991810798645
            ],
            [
                25.142857789993286,
                27.390533685684204,
                33.416014432907104
            ]
        ]
    ],
    "titles": [
        "Respons time comparison"
    ],
    "xlabels": [
        "Loops Index"
    ],
    "ylabels": [
        "Response Time"
    ],
    "smooth": false,
    "window_size": 2,
    "legends": [
        "round-robin",
        "min-entropy",
        "least-connect"
    ]
}