{
    "x_list": [
        [
            5,
            6,
            10
        ]
    ],
    "y_lists": [
        [
            [
                14.747531414031982,
                14.71895718574524,
                25.708922863006592
            ],
            [
                20.678444623947144,
                14.682581186294556,
                31.199565887451172
            ],
            [
                14.69539999961853,
                14.681796789169312,
                25.18986749649048
            ]
        ]
    ],
    "titles": [
        "Respons time comparison"
    ],
    "xlabels": [
        "Loops Index"
    ],
    "ylabels": [
        "Response Time"
    ],
    "smooth": false,
    "window_size": 2,
    "legends": [
        "round-robin",
        "min-entropy",
        "least-connect"
    ]
}