{
    "predicted_processing_time": [
        1.5633071660995483, 10.753836631774902, 3.8897886276245117, 6.260684967041016, 7.994510173797607, 3.320652961730957, 4.972780227661133, 4.716846466064453, 0.7313107252120972,
        0.6044009923934937, 11.619933128356934, 4.972780227661133, 1.9338699579238892, 2.3726353645324707, 9.237252235412598, 1.7317898273468018, 2.3726353645324707, 3.8897886276245117,
        9.237252235412598, 7.031777858734131
    ],
    "real_processing_time": [
        1.5685270510148257, 10.781202335987473, 4.3877000620123, 6.687620534008602, 8.707364369009156, 3.3499785249878187, 5.0500525159877725, 4.93133630999364, 0.8309099759790115,
        0.20208044999162666, 11.656887168996036, 5.038970448018517, 2.2073585239995737, 2.769016598991584, 9.97610477998387, 1.710346188978292, 3.221749464981258, 4.159979251999175,
        10.222865043993806, 7.12278813199373
    ],
    "predicted_processing_time + predicted_waiting_time": [
        3.1266143321990967, 86.93272650241852, 101.53431522846222, 100.01542294025421, 95.48856317996979, 82.82019579410553, 71.9611406326294, 66.73242664337158, 58.03004443645477, 57.17182397842407,
        67.58295512199402, 49.315869092941284, 41.30417859554291, 39.8090740442276, 44.301055550575256, 27.558340907096863, 26.46739661693573, 25.6119145154953, 27.069589495658875, 15.62686288356781
    ],
    "response_time": [
        1.5991662999877008, 10.890068299995619, 14.964695999995456, 21.869582500003162, 30.79492700000992, 34.360570999997435, 39.704375100001926, 44.85253060000832, 45.88210459999391,
        46.285544300000765, 58.14224840000679, 63.39911439998832, 65.82320329999493, 68.80862359999446, 79.00213120000262, 80.93053179999697, 84.36868069999036, 88.74517950000882, 99.18482170000789,
        106.52647969999816
    ],
    "real_waiting_time": [
        -0.001934051513671875, 0.08948278427124023, 10.554620265960693, 15.15774917602539, 22.0642352104187, 30.98760461807251, 34.630563497543335, 39.89776849746704, 45.027405738830566,
        46.061068534851074, 46.46393060684204, 58.33737301826477, 63.5928053855896, 66.01651334762573, 69.00158286094666, 79.19680666923523, 81.12360644340515, 84.56157660484314, 88.93704223632812,
        99.37956619262695
    ]
}
