{
    "predicted_processing_time": [
        0.6044009923934937, 9.237252235412598, 7.240908145904541, 4.972780227661133, 3.5429999828338623, 0.6044009923934937, 1.7052487134933472, 0.6044009923934937, 2.3726353645324707,
        2.3726353645324707, 0.7313107252120972, 0.7313107252120972, 3.5429999828338623, 1.9338699579238892, 3.8897886276245117, 0.6044009923934937, 4.716846466064453, 0.6044009923934937,
        4.972780227661133, 4.972780227661133
    ],
    "real_processing_time": [
        0.1708903230028227, 9.531044784991536, 7.647011001972714, 5.364280328998575, 3.7301954359863885, 0.29266786298830993, 1.7126445200119633, 0.16220906400121748, 2.502096399985021,
        2.6914356460038107, 1.0636429560254328, 1.0517834819911513, 3.6602556240104605, 2.0095755429938436, 4.219239136989927, 0.294096867000917, 4.85463014699053, 0.014330242993310094,
        5.3864552509912755, 5.389805290993536
    ],
    "predicted_processing_time + predicted_waiting_time": [
        1.2088019847869873, 19.07890546321869, 24.323469519615173, 27.028121829032898, 29.14134156703949, 26.807143568992615, 29.613240003585815, 29.116793274879456, 33.2576630115509,
        35.630298376083374, 34.7202844619751, 35.451595187187195, 41.80628442764282, 42.13102436065674, 47.97673165798187, 45.29574501514435, 54.12503695487976, 50.616992473602295, 59.95815193653107,
        64.9309321641922
    ],
    "response_time": [
        32.40017190000799, 41.927292299995315, 49.57128410000587, 54.954272799994214, 58.68138660000113, 58.97092479999992, 60.680379500001436, 60.839072400005534, 63.34022850000474,
        66.02961099999084, 67.09056959999725, 68.13926039999933, 71.7965322999953, 73.80309590000252, 78.01883729999827, 78.30930649999937, 83.1621451000101, 83.17279029999918, 88.55805580000742,
        93.94458779999695
    ],
    "waiting_jobs": [0, 1, 2, 3, 4, 5, 6, 7, 8, 9, 10, 11, 12, 13, 14, 15, 16, 17, 18, 19],
    "real_waiting_time": [
        32.189526319503784, 32.37308382987976, 41.90003967285156, 49.545081615448, 54.92565846443176, 58.655354738235474, 58.94314646720886, 60.65074610710144, 60.81657528877258, 63.31545615196228,
        66.00449872016907, 67.0651466846466, 68.11146688461304, 71.77111458778381, 73.7771053314209, 77.99311995506287, 78.28383922576904, 83.13577079772949, 83.14602136611938, 88.531489610672
    ]
}
