{
    "x_list": [
        [
            5,
            6,
            10
        ]
    ],
    "y_lists": [
        [
            [
                21.794655084609985,
                25.712900638580322,
                41.858152866363525
            ],
            [
                17.92050814628601,
                17.930015087127686,
                25.784762859344482
            ],
            [
                21.829784154891968,
                25.730982065200806,
                41.477296352386475
            ],
            [
                14.023849964141846,
                18.07213568687439,
                25.844229221343994
            ]
        ]
    ],
    "titles": [
        "Respons time comparison"
    ],
    "xlabels": [
        "Loops Index"
    ],
    "ylabels": [
        "Response Time"
    ],
    "smooth": false,
    "window_size": 2,
    "legends": [
        "shortest",
        "round-robin",
        "min-entropy",
        "least-connect"
    ]
}