{
    "x_list": [
        [
            10,
            50,
            100
        ]
    ],
    "y_lists": [
        [
            [
                5.998072862625122,
                19.61099076271057,
                37.136070251464844
            ],
            [
                5.954358100891113,
                19.58027172088623,
                37.10520100593567
            ],
            [
                5.985928297042847,
                19.59041166305542,
                37.18100166320801
            ]
        ]
    ],
    "titles": [
        "Respons time comparison"
    ],
    "xlabels": [
        "Loops Index"
    ],
    "ylabels": [
        "Response Time"
    ],
    "smooth": false,
    "window_size": 2,
    "legends": [
        "round-robin",
        "min-entropy",
        "least-connect"
    ]
}