{
    "x_list": [
        [
            10,
            50,
            100
        ]
    ],
    "y_lists": [
        [
            [
                6.0044496059417725,
                19.562477111816406,
                37.13485860824585
            ],
            [
                5.994280576705933,
                19.53756856918335,
                37.10352325439453
            ],
            [
                5.995067834854126,
                19.572376012802124,
                37.14149022102356
            ]
        ]
    ],
    "titles": [
        "Respons time comparison"
    ],
    "xlabels": [
        "Loops Index"
    ],
    "ylabels": [
        "Response Time"
    ],
    "smooth": false,
    "window_size": 2,
    "legends": [
        "round-robin",
        "min-entropy",
        "least-connect"
    ]
}