{
    "x_list": [
        [
            10,
            50,
            100
        ]
    ],
    "y_lists": [
        [
            [
                6.010359048843384,
                19.566588401794434,
                37.15709328651428
            ],
            [
                5.984884738922119,
                19.593841075897217,
                37.09678268432617
            ],
            [
                5.950372695922852,
                19.55569863319397,
                37.14136838912964
            ]
        ]
    ],
    "titles": [
        "Respons time comparison"
    ],
    "xlabels": [
        "Loops Index"
    ],
    "ylabels": [
        "Response Time"
    ],
    "smooth": false,
    "window_size": 2,
    "legends": [
        "round-robin",
        "min-entropy",
        "least-connect"
    ]
}