{
    "x_list": [
        [
            10,
            50,
            100
        ]
    ],
    "y_lists": [
        [
            [
                6.00531792640686,
                19.58462953567505,
                37.073007583618164
            ],
            [
                5.972188949584961,
                19.57779097557068,
                37.124651193618774
            ],
            [
                5.96489953994751,
                19.53033947944641,
                37.155253648757935
            ]
        ]
    ],
    "titles": [
        "Respons time comparison"
    ],
    "xlabels": [
        "Loops Index"
    ],
    "ylabels": [
        "Response Time"
    ],
    "smooth": false,
    "window_size": 2,
    "legends": [
        "round-robin",
        "min-entropy",
        "least-connect"
    ]
}