{
    "x_list": [
        [
            10,
            50,
            100
        ]
    ],
    "y_lists": [
        [
            [
                6.0379133224487305,
                19.564606189727783,
                37.069584608078
            ],
            [
                5.978432893753052,
                19.540210247039795,
                37.096712589263916
            ],
            [
                5.990065097808838,
                19.546390056610107,
                37.07005023956299
            ]
        ]
    ],
    "titles": [
        "Respons time comparison"
    ],
    "xlabels": [
        "Loops Index"
    ],
    "ylabels": [
        "Response Time"
    ],
    "smooth": false,
    "window_size": 2,
    "legends": [
        "round-robin",
        "min-entropy",
        "least-connect"
    ]
}