{
    "x_list": [
        [
            5,
            6,
            10
        ]
    ],
    "y_lists": [
        [
            [
                10.010007858276367,
                10.066993951797485,
                18.00059747695923
            ],
            [
                10.119913101196289,
                13.93078351020813,
                17.863316535949707
            ],
            [
                10.070464134216309,
                13.920320272445679,
                17.834425449371338
            ],
            [
                10.119566202163696,
                13.889479398727417,
                17.883214712142944
            ]
        ]
    ],
    "titles": [
        "Respons time comparison"
    ],
    "xlabels": [
        "Loops Index"
    ],
    "ylabels": [
        "Response Time"
    ],
    "smooth": false,
    "window_size": 2,
    "legends": [
        "shortest",
        "round-robin",
        "min-entropy",
        "least-connect"
    ]
}