{
    "x_list": [
        [
            5,
            6,
            10
        ]
    ],
    "y_lists": [
        [
            [
                10.017941951751709,
                13.922450304031372,
                17.838834285736084
            ],
            [
                10.000330924987793,
                13.90773868560791,
                17.907286643981934
            ],
            [
                10.027176856994629,
                13.846091985702515,
                17.79043436050415
            ],
            [
                13.890133380889893,
                13.907041072845459,
                17.900346994400024
            ]
        ]
    ],
    "titles": [
        "Respons time comparison"
    ],
    "xlabels": [
        "Loops Index"
    ],
    "ylabels": [
        "Response Time"
    ],
    "smooth": false,
    "window_size": 2,
    "legends": [
        "shortest",
        "round-robin",
        "min-entropy",
        "least-connect"
    ]
}