{
    "x_list": [
        [
            5,
            6,
            10
        ]
    ],
    "y_lists": [
        [
            [
                13.875815868377686,
                13.975317239761353,
                17.91011357307434
            ],
            [
                13.924266576766968,
                13.887798547744751,
                17.899864196777344
            ],
            [
                13.900922298431396,
                13.940505981445312,
                17.838075876235962
            ],
            [
                13.807157278060913,
                13.89964509010315,
                17.833231687545776
            ]
        ]
    ],
    "titles": [
        "Respons time comparison"
    ],
    "xlabels": [
        "Loops Index"
    ],
    "ylabels": [
        "Response Time"
    ],
    "smooth": false,
    "window_size": 2,
    "legends": [
        "shortest",
        "round-robin",
        "min-entropy",
        "least-connect"
    ]
}