{
    "x_list": [
        [
            5,
            6,
            10
        ]
    ],
    "y_lists": [
        [
            [
                9.944793939590454,
                13.92881727218628,
                17.913963079452515
            ],
            [
                13.876046180725098,
                13.910441160202026,
                17.870999813079834
            ],
            [
                13.847826480865479,
                13.840179920196533,
                17.822781085968018
            ],
            [
                13.807452201843262,
                13.867009401321411,
                17.907686233520508
            ]
        ]
    ],
    "titles": [
        "Respons time comparison"
    ],
    "xlabels": [
        "Loops Index"
    ],
    "ylabels": [
        "Response Time"
    ],
    "smooth": false,
    "window_size": 2,
    "legends": [
        "shortest",
        "round-robin",
        "min-entropy",
        "least-connect"
    ]
}