{
    "request_number": [493289, 225341, 147950, 275880, 148781, 425023, 139603, 357289, 106840, 476465, 167884, 184615, 284305, 118897, 433401, 151165, 362746, 336362, 181615, 326918],
    "predicted_processing_time": [
        15.906598091125488, 8.707589149475098, 3.5896644592285156, 9.209824562072754, 10.129919052124023, 2.8723199367523193, 14.809803009033203, 2.0239241123199463, 7.534658908843994,
        3.772599697113037, 3.1888937950134277, 15.143342018127441, 1.6949963569641113, 9.90332317352295, 2.561856985092163, 12.702749252319336, 3.4622817039489746, 6.875646114349365,
        3.4622817039489746, 5.114596366882324
    ],
    "real_processing_time": [null, null, null, null, null, null, null, null, null, null, null, null, null, null, null, null, null, null, null, null],
    "response_time": [
        12.344033399996988, 19.0506979999991, 21.870934500002477, 28.83891600000061, 36.631541499999, 38.77501460000349, 48.90907719999814, 50.43747499999881, 55.86233569999604, 58.74003149999771,
        61.22663979999925, 72.8802957999942, 74.17756159999408, 81.78587469999911, 83.68912619999901, 93.50407519999862, 95.59592580000026, 100.78403129999788, 102.87180039999657, 106.75716800000373
    ],
    "waiting_jobs": [0, 18, 17, 16, 15, 14, 13, 12, 11, 10, 9, 8, 7, 6, 5, 4, 3, 2, 1, 0],
    "real_waiting_time": [
        0.0026276111602783203, 10.4226553440094, 17.30866265296936, 20.33486318588257, 27.519442319869995, 35.533175230026245, 37.89673089981079, 48.24869728088379, 49.984196186065674,
        55.62659406661987, 58.717785120010376, 61.43152570724487, 73.30011248588562, 74.81516599655151, 82.6303026676178, 84.75239276885986, 94.78106141090393, 97.09422016143799, 102.50412082672119,
        104.79781913757324
    ],
    "cpu_spent_usage": [
        80.17079865428158, 80.08667867289095, 80.18772684851776, 80.23414459136039, 80.0494438423493, 80.59819413134262, 80.12655768745448, 81.47632766599278, 80.62756392419797, 80.93693670637829,
        80.95038372981976, 80.08803033195647, 81.20473052188574, 80.20026902254526, 81.3265219575024, 80.26829141010766, 81.18235137963174, 80.54285602865902, 80.72683354103663, 80.52113312577978
    ]
}
