{
    "x_list": [
        [
            5,
            6,
            10
        ]
    ],
    "y_lists": [
        [
            [
                3.063809871673584,
                3.8550589084625244,
                4.110032558441162
            ],
            [
                3.846086263656616,
                3.0752909183502197,
                4.120554447174072
            ],
            [
                3.1610140800476074,
                3.7195587158203125,
                4.139270782470703
            ]
        ]
    ],
    "titles": [
        "Respons time comparison"
    ],
    "xlabels": [
        "Loops Index"
    ],
    "ylabels": [
        "Response Time"
    ],
    "smooth": false,
    "window_size": 2,
    "legends": [
        "round-robin",
        "min-entropy",
        "least-connect"
    ]
}