{
    "x_list": [
        [
            5,
            6,
            10
        ]
    ],
    "y_lists": [
        [
            [
                3.058241367340088,
                3.10923171043396,
                4.119818449020386
            ],
            [
                3.025428295135498,
                3.0659215450286865,
                4.0883190631866455
            ],
            [
                3.03829026222229,
                3.1450161933898926,
                4.043401479721069
            ]
        ]
    ],
    "titles": [
        "Respons time comparison"
    ],
    "xlabels": [
        "Loops Index"
    ],
    "ylabels": [
        "Response Time"
    ],
    "smooth": false,
    "window_size": 2,
    "legends": [
        "round-robin",
        "min-entropy",
        "least-connect"
    ]
}