{
    "x_list": [
        [
            5,
            6,
            10
        ]
    ],
    "y_lists": [
        [
            [
                3.1744635105133057,
                3.109159469604492,
                3.716343641281128
            ],
            [
                3.0443174839019775,
                3.874755382537842,
                3.8599507808685303
            ],
            [
                3.1744725704193115,
                3.2272682189941406,
                4.023980379104614
            ]
        ]
    ],
    "titles": [
        "Respons time comparison"
    ],
    "xlabels": [
        "Loops Index"
    ],
    "ylabels": [
        "Response Time"
    ],
    "smooth": false,
    "window_size": 2,
    "legends": [
        "round-robin",
        "min-entropy",
        "least-connect"
    ]
}