{
    "x_list": [
        [
            10,
            20
        ]
    ],
    "y_lists": [
        [
            [
                14.535905599594116,
                30.35032844543457
            ],
            [
                22.6588351726532,
                27.205060243606567
            ],
            [
                16.459863901138306,
                26.346050262451172
            ],
            [
                17.178981065750122,
                30.22166347503662
            ]
        ]
    ],
    "titles": [
        "Respons time comparison"
    ],
    "xlabels": [
        "Loops Index"
    ],
    "ylabels": [
        "Response Time"
    ],
    "smooth": false,
    "window_size": 2,
    "legends": [
        "shortest",
        "round-robin",
        "min-entropy",
        "least-connect"
    ]
}