{
    "x_list": [
        [
            10,
            20
        ]
    ],
    "y_lists": [
        [
            [
                14.296557426452637,
                30.090373039245605
            ],
            [
                21.025086879730225,
                23.55570125579834
            ],
            [
                17.517062664031982,
                26.298043489456177
            ],
            [
                20.074360847473145,
                26.51829695701599
            ]
        ]
    ],
    "titles": [
        "Respons time comparison"
    ],
    "xlabels": [
        "Loops Index"
    ],
    "ylabels": [
        "Response Time"
    ],
    "smooth": false,
    "window_size": 2,
    "legends": [
        "shortest",
        "round-robin",
        "min-entropy",
        "least-connect"
    ]
}