{
    "x_list": [
        [
            5,
            6,
            10
        ]
    ],
    "y_lists": [
        [
            [
                10.254034996032715,
                10.127975463867188,
                17.938511610031128
            ],
            [
                10.212581157684326,
                10.243966579437256,
                17.82055163383484
            ],
            [
                10.181143283843994,
                10.094223737716675,
                17.76007604598999
            ],
            [
                10.131066799163818,
                10.086732864379883,
                17.932830333709717
            ]
        ]
    ],
    "titles": [
        "Respons time comparison"
    ],
    "xlabels": [
        "Loops Index"
    ],
    "ylabels": [
        "Response Time"
    ],
    "smooth": false,
    "window_size": 2,
    "legends": [
        "shortest",
        "round-robin",
        "min-entropy",
        "least-connect"
    ]
}