{
    "x_list": [
        [
            5,
            6,
            10
        ]
    ],
    "y_lists": [
        [
            [
                10.109863996505737,
                17.896798849105835,
                17.937995433807373
            ],
            [
                13.990469217300415,
                18.010507822036743,
                18.082086324691772
            ],
            [
                10.100537538528442,
                18.008763313293457,
                21.95891261100769
            ],
            [
                13.978405714035034,
                17.92511749267578,
                25.900903940200806
            ]
        ]
    ],
    "titles": [
        "Respons time comparison"
    ],
    "xlabels": [
        "Loops Index"
    ],
    "ylabels": [
        "Response Time"
    ],
    "smooth": false,
    "window_size": 2,
    "legends": [
        "shortest",
        "round-robin",
        "min-entropy",
        "least-connect"
    ]
}