{
    "x_list": [
        [
            5,
            6,
            10
        ]
    ],
    "y_lists": [
        [
            [
                18.568355083465576,
                33.5987069606781,
                58.84720778465271
            ],
            [
                4.549026250839233,
                5.044906139373779,
                7.067423582077026
            ],
            [
                18.407374143600464,
                35.042821168899536,
                35.18608212471008
            ]
        ]
    ],
    "titles": [
        "Respons time comparison"
    ],
    "xlabels": [
        "Loops Index"
    ],
    "ylabels": [
        "Response Time"
    ],
    "smooth": false,
    "window_size": 2,
    "legends": [
        "round-robin",
        "min-entropy",
        "least-connect"
    ]
}