{"request_number": [34389, 216653, 79671, 282723, 127159, 137143, 393709, 444435, 190231, 157747, 195849, 126471, 478869, 453408, 223300, 461679, 133863, 426056, 445848, 444743, 421797, 460723, 198846, 351862, 334619, 72980, 112927, 332636, 326503, 53739, 70044, 321707, 407619, 172367, 248255, 392438, 444078, 41401, 168458, 465017, 315987, 70178, 489044, 471521, 202247, 294716, 286642, 464642, 407995, 442500], "real_processing_time": [0.24654114298755303, 5.431987471005414, 10.422673824010417, 9.260982472012984, 11.206640958989738, 5.498352527996758, 5.7152740730089135, 3.2889580100018065, 11.462888893001946, 12.098097779002273, 0.7074274930055253, 6.3541204140055925, 11.214818132022629, 2.512065333983628, 0.3490425450145267, 10.49575052500586, 8.729786873009289, 4.45476772999973, 2.6015001380001195, 9.227457072003745, 6.512703357002465, 0.7255876919953153, 0.49738369998522103, 6.651881749014137, 6.85352539800806, 1.402703665982699, 0.7643448250018992, 6.913952664996032, 7.428620060993126, 3.2316935879935045, 11.06811229197774, 9.728379110019887, 10.514829818013823, 10.565394220990129, 9.868968710012268, 1.8106806940049864, 11.098366597987479, 3.8057748019928113, 10.80994012800511, 11.718517375004012, 1.6621280999970622, 3.1472520400129724, 3.906694620993221, 3.0068226809962653, 12.196741708001355, 8.77994220200344, 1.8682592900004238, 1.6601884340052493, 0.8586138910031877, 3.653523562999908]}