{
    "x_list": [
        [
            10,
            20,
            30
        ]
    ],
    "y_lists": [
        [
            [
                18.236725091934204,
                29.977603673934937,
                42.121742963790894
            ],
            [
                18.27744483947754,
                29.79718565940857,
                45.955479860305786
            ],
            [
                17.9720401763916,
                30.244508028030396,
                45.8492157459259
            ]
        ]
    ],
    "titles": [
        "Respons time comparison"
    ],
    "xlabels": [
        "Loops Index"
    ],
    "ylabels": [
        "Response Time"
    ],
    "smooth": false,
    "window_size": 2,
    "legends": [
        "shortest",
        "round-robin",
        "min-entropy"
    ]
}