{
    "x_list": [
        [
            10,
            20,
            30
        ]
    ],
    "y_lists": [
        [
            [
                17.844097137451172,
                30.505110502243042,
                41.92770433425903
            ],
            [
                17.831379890441895,
                33.6237907409668,
                45.9766685962677
            ],
            [
                18.20550274848938,
                29.843034029006958,
                46.23855185508728
            ]
        ]
    ],
    "titles": [
        "Respons time comparison"
    ],
    "xlabels": [
        "Loops Index"
    ],
    "ylabels": [
        "Response Time"
    ],
    "smooth": false,
    "window_size": 2,
    "legends": [
        "shortest",
        "round-robin",
        "min-entropy"
    ]
}