{"request_number": [2.65836, 0.34584, 4.55673, 3.36306, 3.45531, 2.48373, 1.70621, 2.39237, 2.91787, 0.03747, 3.99327, 2.81059, 3.6439, 3.02928, 2.15467, 1.45542, 0.72317, 2.05335, 0.02845, 4.40764, 0.05317, 3.71879, 2.97124, 2.79335, 3.73463, 1.75077, 4.53685, 3.75501, 0.6721, 3.86788, 3.15242, 2.28406, 4.11166, 4.85797, 2.41121, 2.96349, 1.90179, 1.83536, 1.21685, 1.74035, 0.15716, 4.4767, 3.66245, 2.58546, 4.60223, 0.22557, 3.54265, 1.74202, 0.07961, 1.09135, 3.87634, 3.28404, 2.67723, 1.84366, 3.98047, 0.82135, 3.54965, 1.84537, 1.28079, 3.5191], "predicted_processing_time": [4.972780227661133, 0.6044009923934937, 10.87282657623291, 7.031777858734131, 7.240908145904541, 3.8897886276245117, 2.3726353645324707, 3.8897886276245117, 5.506595134735107, 0.6044009923934937, 7.994510173797607, 4.972780227661133, 7.240908145904541, 5.870300769805908, 3.5429999828338623, 1.9338699579238892, 0.7313107252120972, 3.320652961730957, 0.6044009923934937, 10.424696922302246, 0.6044009923934937, 7.994510173797607, 5.870300769805908, 4.972780227661133, 7.994510173797607, 2.3726353645324707, 10.87282657623291, 7.994510173797607, 0.6044009923934937, 7.994510173797607, 6.260684967041016, 3.8897886276245117, 9.237252235412598, 12.1029634475708, 3.8897886276245117, 5.506595134735107, 2.3726353645324707, 2.3726353645324707, 1.5633071660995483, 2.3726353645324707, 0.6044009923934937, 10.424696922302246, 7.994510173797607, 4.716846466064453, 10.87282657623291, 0.6044009923934937, 7.240908145904541, 2.3726353645324707, 0.6044009923934937, 1.3407186269760132, 7.994510173797607, 6.260684967041016, 4.972780227661133, 2.3726353645324707, 7.994510173797607, 0.7313107252120972, 7.240908145904541, 2.3726353645324707, 1.7052487134933472, 7.240908145904541], "real_processing_time": [4.987610520009184, 0.27035511599387974, 11.059311743010767, 7.0640277979837265, 7.3478859120223206, 4.508015992003493, 2.5959343730064575, 4.278780670021661, 5.755656319000991, 0.014475601987214759, 9.09708508499898, 5.4101263630145695, 7.950014956004452, 6.031434029981028, 3.672006490000058, 2.0646915069955867, 0.7483229369972833, 3.406941730994731, 0.009760191984241828, 10.51493766301428, 0.02095980799640529, 8.208755116997054, 5.90069516398944, 5.361662431998411, 8.249628969002515, 2.699066265980946, 10.977342038997449, 8.299737991997972, 0.6834337570180651, 8.679087272001198, 6.422230266005499, 3.9964321599982213, 9.490531118994113, 12.128523865016177, 4.3395743730070535, 5.843172877008328, 3.058905338984914, 2.892676671006484, 1.5906430949980859, 2.7039700190071017, 0.08184901700587943, 10.770855171984294, 8.034196131979115, 4.79031754200696, 11.204380618000869, 0.14453176100505516, 7.63316076801857, 2.6827804319909774, 0.03417873798753135, 1.3662068590056151, 8.696352300001308, 6.811914959980641, 5.053825392998988, 2.9066714929940645, 9.058878929994535, 0.9101973699871451, 7.6357354809879325, 2.9303650810034014, 1.7177077789965551, 7.537780936021591], "predicted_processing_time + predicted_waiting_time": [10.54996144771576, 1.2088019847869873, 27.322834372520447, 29.909162521362305, 37.359200954437256, 37.89787006378174, 38.75335216522217, 44.16029405593872, 51.283695697784424, 46.985902547836304, 62.370521903038025, 64.32157218456268, 73.83060824871063, 78.33030164241791, 79.54600083827972, 79.87074077129364, 79.39949226379395, 85.30948746204376, 83.19763648509979, 103.44262933731079, 94.22673439979553, 109.61135375499725, 113.35744512081146, 117.43270480632782, 128.4489449262619, 125.19970548152924, 144.57272326946259, 149.6889170408249, 142.90320885181427, 158.287828207016, 162.81468796730042, 164.33358025550842, 178.9182960987091, 193.8869707584381, 189.56358456611633, 196.68698620796204, 195.92566180229187, 198.29829716682434, 199.05227613449097, 202.23423969745636, 201.07040631771088, 221.31539916992188, 226.87972259521484, 228.31890535354614, 245.3477120399475, 235.6836874485016, 249.56110274791718, 247.06546533107758, 245.9016319513321, 247.97866821289062, 257.0497887134552, 261.5766484737396, 265.2615239620209, 265.0340144634247, 278.6503994464874, 272.118510723114, 285.869016289711, 283.3733788728714, 284.4112409353256, 297.18780851364136], "response_time": [5.274983399998746, 0.2927618999965489, 16.3327161000052, 23.379511499995715, 30.72298469999805, 35.22912210000504, 37.82197260000976, 42.10081550000177, 47.854078699994716, 47.86660660000052, 56.96079589999863, 62.368862200004514, 70.31637559999945, 76.34641230000125, 80.00213160000567, 82.06352019999758, 82.80719910000334, 86.21218560000125, 86.2562797999999, 96.7697363999905, 96.78747929999372, 105.01336280000396, 110.90919640001084, 116.26848890000838, 124.51540640000894, 127.20966249999765, 138.1843460999953, 146.48135630000615, 147.1630632000015, 155.8405414000008, 162.2607011999935, 166.2526799000043, 175.74186879998888, 187.86697589998948, 192.2052210999973, 198.06294499999785, 201.11942840000847, 204.0108745000034, 205.5992261000065, 208.29948200000217, 208.38131820000126, 219.15207330000703, 227.18448189999617, 231.97229309999966, 243.17254539999703, 243.31514399999287, 250.94509819999803, 253.62549790000776, 253.65774369999417, 255.02292930000112, 263.71687600000587, 270.5241798000061, 275.5735951000097, 278.478704299996, 287.5336843000114, 288.4416388999962, 296.0766999000043, 299.00631730000896, 300.7214232999977, 308.25648149999324], "waiting_jobs": [0, 0, 1, 2, 2, 3, 4, 5, 6, 7, 8, 9, 10, 11, 12, 13, 14, 15, 16, 17, 18, 19, 20, 21, 22, 23, 24, 25, 26, 27, 28, 29, 30, 31, 32, 33, 34, 35, 36, 37, 38, 39, 40, 41, 42, 43, 44, 45, 46, 47, 48, 48, 49, 50, 51, 52, 53, 54, 55, 56], "real_waiting_time": [0.27767157554626465, 0.0068492889404296875, 5.262696743011475, 16.305311679840088, 23.36608338356018, 30.70998787879944, 35.21541452407837, 37.81175684928894, 42.08330583572388, 47.84169292449951, 47.850911378860474, 56.948243856430054, 62.35548639297485, 70.30425333976746, 76.31948184967041, 79.98706007003784, 82.04780101776123, 82.79441142082214, 86.23469662666321, 86.24341177940369, 96.7552478313446, 96.77287554740906, 104.99784064292908, 110.89592242240906, 116.25482892990112, 124.50024652481079, 127.19588851928711, 138.1696491241455, 146.45789527893066, 147.15134930610657, 155.82742261886597, 162.24575567245483, 166.23874950408936, 175.72764611244202, 187.85475206375122, 192.20887899398804, 198.05005550384521, 201.10690236091614, 203.99626851081848, 205.58376693725586, 208.2863540649414, 208.36974120140076, 219.13856148719788, 227.17057728767395, 231.95698857307434, 243.16002368927002, 243.30085134506226, 250.93157076835632, 253.61170864105225, 253.64559292793274, 255.0108826160431, 263.701210975647, 270.5088310241699, 275.5596318244934, 278.4632456302643, 287.52041506767273, 288.4282817840576, 296.06440782546997, 298.99105525016785, 300.70756363868713]}