{
    "request_number": [283639, 320610, 267674, 451638, 52113],
    "predicted_processing_time": [4.972780227661133, 6.260684967041016, 4.972780227661133, 10.87282657623291, 0.6044009923934937],
    "real_processing_time": [5.548378337000031, 6.576078618003521, 5.030259374005254, 10.912454954988789, 0.47978036099812016],
    "response_time": [5.584538499999326, 11.831674699991709, 17.10030310000002, 28.227298800004064, 28.921901199995773],
    "manager_response_time": [5.576313457015203, 11.825907421996817, 17.094701708003413, 28.220906465983717, 28.915931914991233],
    "waiting_jobs": [0, 3, 2, 1, 0],
    "real_waiting_time": [0.0027756690979003906, 5.237604141235352, 12.030038356781006, 17.29600214958191, 28.423864603042603],
    "user_cpu_time": [4.449999999999996, 5.280000000000001, 4.050000000000004, 8.740000000000002, 0.3999999999999915],
    "system_cpu_time": [0.0, 0.0, 0.0, 0.0, 0.010000000000000009],
    "cpu_spent_usage": [80.20361499728007, 80.29101090039879, 80.51274693565679, 80.09196863630015, 85.45576962488424]
}
