{
    "x_list": [
        [
            5,
            6,
            10
        ]
    ],
    "y_lists": [
        [
            [
                10.13844084739685,
                13.913232803344727,
                21.888877391815186
            ],
            [
                14.17635440826416,
                13.949952363967896,
                21.87717342376709
            ],
            [
                14.052600622177124,
                13.994800567626953,
                21.821698665618896
            ]
        ]
    ],
    "titles": [
        "Respons time comparison"
    ],
    "xlabels": [
        "Loops Index"
    ],
    "ylabels": [
        "Response Time"
    ],
    "smooth": false,
    "window_size": 2,
    "legends": [
        "round-robin",
        "min-entropy",
        "least-connect"
    ]
}