{"request_number": [4.64206, 1.69546, 0.72691, 3.01003, 3.37324, 2.10031, 4.177, 4.11777, 2.9863, 1.7997, 4.32549, 4.83536, 1.77422, 1.81489, 1.87235, 3.48474, 2.9079, 2.27876, 1.68391, 4.62999], "predicted_processing_time": [11.23463249206543, 2.3726353645324707, 0.7313107252120972, 5.870300769805908, 7.031777858734131, 3.320652961730957, 9.237252235412598, 9.237252235412598, 5.870300769805908, 2.3726353645324707, 9.237252235412598, 11.619933128356934, 2.3726353645324707, 2.3726353645324707, 2.3726353645324707, 7.240908145904541, 5.506595134735107, 3.8897886276245117, 2.3726353645324707, 11.23463249206543], "real_processing_time": [11.420794966979884, 2.5979788780095987, 0.7565975530014839, 5.986644119984703, 7.089174080989324, 3.5470661289873533, 9.712930231995415, 9.504857847990934, 5.9156064609996974, 2.8304540530079976, 10.237058208993403, 12.059760488016764, 2.7460924119804986, 2.856331446004333, 2.9825726629933342, 7.433385404001456, 5.697103033977328, 3.9786753639928065, 2.557303748006234, 11.307391287002247], "predicted_processing_time + predicted_waiting_time": [22.46926498413086, 15.979903221130371, 15.069889307022095, 26.079180121421814, 34.27243506908417, 33.88196313381195, 49.03581464290619, 58.27306687831879, 60.776416182518005, 59.65138614177704, 75.75325524806976, 89.75586926937103, 82.88120687007904, 85.25384223461151, 87.62647759914398, 99.7356585264206, 103.50794064998627, 105.78092277050018, 106.63640487194061, 126.733034491539], "response_time": [11.451826899996377, 14.066176799999084, 14.822197000001324, 20.806748500006506, 27.89388630000758, 31.454559099991457, 41.16376290000335, 50.66777239998919, 56.58153169999423, 59.41059379999933, 69.64558399999805, 81.70346019999124, 84.44640309999522, 87.2994703999866, 90.28122950000397, 97.71149630000582, 103.40801929999725, 107.3850237000006, 109.95633700001054, 121.26008439999714], "waiting_jobs": [0, 0, 1, 2, 3, 4, 5, 6, 7, 8, 9, 10, 11, 12, 13, 14, 15, 16, 17, 18], "real_waiting_time": [0.0020728111267089844, 11.448139905929565, 14.046059846878052, 14.799572229385376, 20.78545832633972, 27.887792825698853, 31.429927825927734, 41.14202809333801, 50.64670705795288, 56.56005859375, 59.38887047767639, 69.62398838996887, 81.67997479438782, 84.42345809936523, 87.27856397628784, 90.2589898109436, 97.69100761413574, 103.38560271263123, 107.37924432754517, 109.93380570411682]}