{
    "x_list": [
        [
            5,
            6,
            10
        ]
    ],
    "y_lists": [
        [
            [
                10.155725955963135,
                13.84814167022705,
                17.949885606765747
            ],
            [
                13.828926801681519,
                13.821065425872803,
                17.780609607696533
            ],
            [
                13.923151731491089,
                13.939390897750854,
                17.85064148902893
            ],
            [
                13.830254316329956,
                13.82331109046936,
                17.64596700668335
            ]
        ]
    ],
    "titles": [
        "Respons time comparison"
    ],
    "xlabels": [
        "Loops Index"
    ],
    "ylabels": [
        "Response Time"
    ],
    "smooth": false,
    "window_size": 2,
    "legends": [
        "shortest",
        "round-robin",
        "min-entropy",
        "least-connect"
    ]
}