{
    "x_list": [
        [
            5,
            6,
            10
        ]
    ],
    "y_lists": [
        [
            [
                10.290716886520386,
                10.09134316444397,
                17.920109748840332
            ],
            [
                10.125938653945923,
                10.248491287231445,
                17.950273275375366
            ],
            [
                10.104781150817871,
                10.050804376602173,
                17.90963077545166
            ],
            [
                10.119037389755249,
                10.059586524963379,
                17.790796995162964
            ]
        ]
    ],
    "titles": [
        "Respons time comparison"
    ],
    "xlabels": [
        "Loops Index"
    ],
    "ylabels": [
        "Response Time"
    ],
    "smooth": false,
    "window_size": 2,
    "legends": [
        "shortest",
        "round-robin",
        "min-entropy",
        "least-connect"
    ]
}