{
    "x_list": [
        [
            10,
            20
        ]
    ],
    "y_lists": [
        [
            [
                16.63002848625183,
                24.885173320770264
            ],
            [
                16.63590359687805,
                24.920101404190063
            ],
            [
                16.602379322052002,
                24.87957262992859
            ],
            [
                16.624670267105103,
                24.969767332077026
            ]
        ]
    ],
    "titles": [
        "Respons time comparison"
    ],
    "xlabels": [
        "Loops Index"
    ],
    "ylabels": [
        "Response Time"
    ],
    "smooth": false,
    "window_size": 2,
    "legends": [
        "shortest",
        "round-robin",
        "min-entropy",
        "least-connect"
    ]
}