{"request_number": [3.13489, 0.61078, 1.16977, 1.01206, 0.92796, 0.8977, 2.4095, 0.03869, 1.18041, 4.36667, 2.12781, 3.88217, 2.86576, 4.68607, 2.35888, 1.1226, 0.63812, 3.02418, 0.37188, 1.33858, 2.62044, 2.75259, 2.27971, 3.73498, 2.80984, 4.12838, 4.63055, 3.87652, 3.21287, 3.40679, 3.34036, 2.25194, 1.59205, 4.82362, 0.24912, 3.7938, 2.43174, 1.43532, 0.53037, 3.7698, 0.47441, 4.22845, 1.12841, 4.39474, 2.01141, 3.68024, 2.53095, 1.05765, 2.56232, 4.69875, 4.17991, 0.14034, 0.53812, 4.13114, 1.14493, 3.65724, 3.20917, 2.81426, 0.37803, 4.25445], "predicted_processing_time": [6.260684967041016, 0.6044009923934937, 1.3407186269760132, 1.16096031665802, 0.7313107252120972, 0.7313107252120972, 3.8897886276245117, 0.6044009923934937, 1.3407186269760132, 9.237252235412598, 3.5429999828338623, 7.994510173797607, 5.506595134735107, 11.38117790222168, 3.8897886276245117, 1.3407186269760132, 0.6044009923934937, 5.870300769805908, 0.6044009923934937, 1.7317898273468018, 4.716846466064453, 4.972780227661133, 3.8897886276245117, 7.994510173797607, 4.972780227661133, 9.237252235412598, 11.23463249206543, 7.994510173797607, 6.260684967041016, 7.031777858734131, 6.882800102233887, 3.8897886276245117, 1.9338699579238892, 11.619933128356934, 0.6044009923934937, 7.994510173797607, 3.8897886276245117, 1.9338699579238892, 0.6044009923934937, 7.994510173797607, 0.6044009923934937, 9.237252235412598, 1.3407186269760132, 10.424696922302246, 2.3726353645324707, 7.994510173797607, 3.8897886276245117, 1.16096031665802, 4.716846466064453, 11.38117790222168, 9.237252235412598, 0.6044009923934937, 0.6044009923934937, 9.237252235412598, 1.3407186269760132, 7.994510173797607, 6.260684967041016, 4.972780227661133, 0.6044009923934937, 9.237252235412598], "real_processing_time": [6.369738976005465, 0.6121907309861854, 1.5015229500131682, 1.2131509819882922, 1.0770570520253386, 1.0158635249827057, 4.311487403989304, 0.014087082992773503, 1.534707040002104, 10.380609839019598, 3.5969365510100033, 8.717464674002258, 5.578041330998531, 11.502932902018074, 4.189167858014116, 1.4075874720001593, 0.6425585700199008, 6.039121232985053, 0.2933655849774368, 1.8207934430101886, 4.903120140981628, 5.2498814019782, 3.9836998689861502, 8.24592144601047, 5.421750150999287, 9.53447021599277, 11.320516831998248, 8.702931551000802, 6.59713043901138, 7.188708116009366, 6.992173150007147, 3.9058760830084793, 2.3617743809882086, 12.011408720019972, 0.16434615800972097, 8.43509566001012, 4.383779152005445, 2.019494175998261, 0.48699870199197903, 8.359570580010768, 0.41260814500856213, 9.887264209974092, 1.4199534869985655, 10.477011646988103, 3.309523274016101, 8.068392818997381, 4.634606622013962, 1.319539058022201, 4.7370701849868055, 11.556541010009823, 9.72514936697553, 0.07068035900010727, 0.4948463679756969, 9.583280858001672, 1.453150153014576, 7.986562256992329, 6.582863310992252, 5.443409731989959, 0.3123196559899952, 9.98173326801043], "predicted_processing_time + predicted_waiting_time": [12.521369934082031, 7.469486951828003, 9.546523213386536, 10.527725219726562, 10.829386353492737, 11.560697078704834, 18.60896360874176, 15.927976965904236, 18.00501322746277, 35.13879907131195, 32.98754680156708, 45.43356716632843, 48.45224726200104, 65.70800793170929, 62.10640728473663, 60.89805591106415, 60.76613926887512, 71.90233981609344, 67.24084103107452, 70.10001969337463, 77.80192279815674, 83.03063678741455, 85.83743381500244, 97.93666553497314, 99.8877158164978, 113.38944005966187, 126.62145280838013, 131.3758406639099, 135.90270042419434, 143.70557117462158, 150.43939352035522, 151.33617067337036, 151.31412196159363, 172.6201182603836, 162.20898711681366, 177.59360647201538, 177.3786735534668, 177.35662484169006, 176.63155686855316, 192.01617622375488, 185.23046803474426, 203.10057151317596, 196.5447565317154, 216.05343174934387, 210.37400555610657, 223.9903905391693, 223.77545762062073, 222.20758962631226, 230.48032224178314, 248.52583158016205, 255.61915814876556, 247.59070789813995, 248.19510889053345, 266.06521236896515, 259.5093973875046, 274.1576991081238, 278.6845588684082, 282.36943435668945, 278.6054561138153, 290.214874625206], "response_time": [6.392915999997058, 7.003990099998191, 8.502885299996706, 9.711848799997824, 10.788114399998449, 11.800836599999457, 16.11013709999679, 16.12232710000535, 17.656054799997946, 28.0333854000055, 31.625130199987325, 40.3408511000016, 45.916774199999054, 57.432692100002896, 61.617751400001, 63.03954850000446, 63.679634400003124, 69.71740080000018, 70.00792319999891, 71.84106709998741, 76.76388190001308, 82.01231079999707, 85.99207970000862, 94.23578839999391, 99.65491789999942, 109.18556069998886, 120.52428579999832, 129.22634789999574, 135.82088430000294, 143.00648359999468, 149.99601780000376, 153.89940829999978, 156.26006100000814, 168.26845229999162, 168.42975009999645, 176.86266649999015, 181.24282829998992, 183.25933119999536, 183.74404039999354, 192.10226669999247, 192.5134315000032, 202.39737380000588, 203.81566219999513, 214.28934240000672, 217.59737819999282, 225.66243949999625, 230.2947589000105, 231.61162200001127, 236.34667679999257, 247.89965730000404, 257.62367889999587, 257.6915701000107, 258.1839723000012, 267.76491710000846, 269.21421619999455, 277.19816489999357, 283.7790232000116, 289.2180331000127, 289.5279248000006, 299.5096923000092], "waiting_jobs": [0, 0, 1, 2, 3, 4, 5, 6, 7, 8, 9, 10, 11, 12, 13, 14, 15, 16, 17, 18, 19, 20, 21, 22, 23, 24, 25, 26, 27, 28, 29, 30, 31, 32, 33, 34, 35, 36, 37, 38, 39, 40, 41, 42, 43, 44, 45, 46, 47, 48, 49, 50, 51, 52, 53, 54, 55, 56, 57, 58], "real_waiting_time": [0.0010633468627929688, 6.3748579025268555, 6.985032320022583, 8.480582475662231, 9.693286180496216, 10.767222166061401, 11.781982660293579, 16.092232942581177, 16.104656457901, 17.635752201080322, 28.00929307937622, 31.606853008270264, 40.3213050365448, 45.91198110580444, 57.4115104675293, 61.61433386802673, 63.02027416229248, 63.66064476966858, 69.69760489463806, 70.00390362739563, 71.84249305725098, 76.74338173866272, 81.99036765098572, 85.97264432907104, 94.21614146232605, 99.63091444969177, 109.18695855140686, 120.50591158866882, 129.20553612709045, 135.79981660842896, 142.98614263534546, 149.97598958015442, 153.88125944137573, 156.23929977416992, 168.2473120689392, 168.40938997268677, 176.84123253822327, 181.22275400161743, 183.2399182319641, 183.72528958320618, 192.07495999336243, 192.48816585540771, 202.37404680252075, 203.79178643226624, 214.2676546573639, 217.57332229614258, 225.64005064964294, 230.2717740535736, 231.5743429660797, 236.32284474372864, 247.87823724746704, 257.60073947906494, 257.6687126159668, 258.16003155708313, 267.7403383255005, 269.189181804657, 277.17392778396606, 283.75307393074036, 289.19487261772156, 289.5121235847473]}