{
    "request_number": [
        124517, 265067, 201604, 60478, 224108, 122230, 16967, 61891, 296581, 222839, 108970, 460762, 335411, 152044, 443770, 306488, 450556, 471931, 247636, 125800, 57326, 309843, 365617, 139443,
        119670, 284188, 255785, 334961, 442470, 296654, 95830, 211086, 69615, 447765, 484948, 493927, 285460, 484029, 341904, 110415, 96969, 438199, 330364, 404229, 29615, 478643, 128491, 159785,
        254559, 465057
    ],
    "predicted_processing_time": [
        2.154005765914917, 7.9147796630859375, 5.726076602935791, 1.6529028415679932, 5.114596366882324, 2.154005765914917, 1.6529028415679932, 1.6529028415679932, 7.481689929962158,
        4.906463623046875, 1.7849500179290771, 14.354976654052734, 9.209824562072754, 2.8723199367523193, 13.734254837036133, 7.848217964172363, 14.133532524108887, 14.883630752563477,
        5.836461067199707, 2.1960413455963135, 1.6529028415679932, 8.065434455871582, 10.69640827178955, 2.561856985092163, 2.0239241123199463, 7.534658908843994, 6.0515241622924805,
        9.209824562072754, 13.70340347290039, 7.481689929962158, 1.6529028415679932, 4.61251974105835, 1.6529028415679932, 16.54686164855957, 15.276083946228027, 15.906598091125488, 7.249504566192627,
        15.276083946228027, 9.325812339782715, 1.8161108493804932, 1.6529028415679932, 14.20038890838623, 8.835474014282227, 11.834830284118652, 1.6529028415679932, 15.276083946228027,
        2.2562365531921387, 3.1033222675323486, 5.836461067199707, 17.04180335998535
    ],
    "real_processing_time": [
        1.702864971011877, 4.975636899995152, 3.3174574809963815, 0.5876507259963546, 3.889466549997451, 1.5981379919976462, 0.09057151302113198, 0.6030301959835924, 5.870212492009159,
        3.8626241039892193, 1.342759949999163, 11.23281846701866, 7.0325152430159505, 2.201748966006562, 10.645717890991364, 6.147789399023168, 10.874884315999225, 11.620347325020703,
        4.500811914011138, 1.6715814460185356, 0.5539065890188795, 6.261071182001615, 7.992797334009083, 1.932994464004878, 1.5635057839972433, 5.5040455069975, 4.715746781992493, 7.030604614003096,
        10.591882100998191, 5.859078565001255, 1.1416682499984745, 3.5460926520172507, 0.7315229620144237, 10.753650148020824, 12.102976107009454, 12.446619626978645, 5.559572725993348,
        12.078585626994027, 7.241580479982076, 1.3844525390013587, 1.1608723910176195, 10.423161667014938, 6.882017124007689, 9.239846498996485, 0.22593555500498042, 11.887980650993995,
        1.7323657300148625, 2.375013056996977, 4.685059861978516, 11.381071267998777
    ],
    "response_time": [
        1.730840399992303, 6.709081900000456, 10.024860400008038, 10.627306099995621, 14.513769600001979, 16.10862189999898, 16.1961358999979, 16.796825800003717, 22.664654899999732,
        26.52545590000227, 27.86770860000979, 39.09738659999857, 46.126700799999526, 48.324905500005116, 58.96848339999269, 65.11147030000575, 75.99851930000295, 87.61675899999682, 92.13046650000615,
        93.83462380000856, 94.40806560000055, 100.66848629999731, 108.66013340000063, 110.5922516999999, 112.15351570000348, 117.6553208999976, 122.36948879998818, 129.39847480000753,
        139.987918800005, 145.8470884999988, 146.9862235000037, 150.52778049999324, 151.25781880000432, 162.00960200000554, 174.11070389999077, 186.57346319999488, 192.12930899999628,
        204.20517480000854, 211.4448904000019, 212.82854360000056, 213.98933430000034, 224.40991269999358, 231.28887479999685, 240.53998960000172, 240.77782860001025, 252.67919489998894,
        254.42314869999245, 256.79601459999685, 261.4793301000027, 272.8741990999988
    ],
    "waiting_jobs": [
        0, 15, 47, 46, 45, 44, 43, 42, 41, 40, 39, 38, 37, 36, 35, 34, 33, 32, 31, 30, 29, 28, 27, 26, 25, 24, 23, 22, 21, 20, 19, 18, 17, 16, 16, 14, 13, 12, 11, 10, 9, 8, 7, 6, 5, 4, 3, 2, 1, 0
    ],
    "real_waiting_time": [
        0.003211498260498047, 0.1065223217010498, 1.6842854022979736, 5.224302530288696, 6.027179002761841, 10.133049726486206, 11.924351930618286, 12.22249984741211, 13.02599048614502,
        19.098763465881348, 23.17852544784546, 24.737433910369873, 36.1866250038147, 43.43144392967224, 45.84924030303955, 56.71136665344238, 63.07604789733887, 74.1653950214386, 86.001229763031,
        90.73574495315552, 92.64384698867798, 93.41547107696533, 99.89119076728821, 108.09890747070312, 110.24797201156616, 112.02626442909241, 117.74532413482666, 122.67598009109497,
        129.92156624794006, 140.72892832756042, 146.8033344745636, 148.15888905525208, 151.92027473449707, 152.84958457946777, 163.80820679664612, 176.2354519367218, 188.899733543396,
        194.67502880096436, 206.96937251091003, 214.42784309387207, 216.02943205833435, 217.40692377090454, 228.04575085639954, 235.14317798614502, 244.59747052192688, 245.0403437614441,
        257.14502358436584, 259.0931043624878, 261.6665897369385, 266.5668590068817
    ],
    "user_cpu_time": [
        1.38, 4.000000000000001, 2.6799999999999997, 0.4900000000000002, 3.129999999999999, 1.3000000000000007, 0.08999999999999986, 0.5100000000000016, 4.709999999999997, 3.1000000000000014,
        1.1099999999999994, 8.999999999999996, 5.650000000000006, 1.7899999999999991, 8.530000000000001, 4.949999999999996, 8.710000000000008, 9.329999999999998, 3.6199999999999903,
        1.3599999999999994, 0.45000000000000284, 5.02000000000001, 6.409999999999997, 1.5699999999999932, 1.259999999999991, 4.430000000000007, 3.789999999999992, 5.61999999999999, 8.480000000000004,
        4.710000000000008, 0.9200000000000017, 2.8700000000000045, 0.5900000000000034, 8.63000000000001, 9.710000000000008, 9.969999999999999, 4.4599999999999795, 9.680000000000007, 5.800000000000011,
        1.1300000000000239, 0.9399999999999977, 8.359999999999985, 5.530000000000001, 7.420000000000016, 0.18999999999999773, 9.52000000000001, 1.4000000000000057, 1.9199999999999875,
        3.7700000000000102, 9.120000000000005
    ],
    "system_cpu_time": [
        0.0, 0.0, 0.0, 0.0, 0.0, 0.0, 0.0, 0.0, 0.010000000000000009, 0.0, 0.0, 0.0, 0.0, 0.0, 0.0, 0.0, 0.0, 0.0, 0.0, 0.0, 0.0, 0.0, 0.0, 0.0, 0.0, 0.0, 0.0, 0.0, 0.010000000000000009, 0.0, 0.0,
        0.0, 0.0, 0.0, 0.0, 0.0, 0.010000000000000009, 0.0, 0.0, 0.0, 0.0, 0.0, 0.0, 0.0, 0.0, 0.0, 0.0, 0.0, 0.0, 0.009999999999999953
    ],
    "cpu_spent_usage": [
        81.03989591024212, 80.39171829447399, 80.78475806704462, 83.38286303811013, 80.4737605984052, 81.34466526104057, 99.36899252086164, 84.57287933453301, 80.40594793502123, 80.25632100204628,
        82.66555760772366, 80.1223666742717, 80.34109852248194, 81.2990049109288, 80.12611349788136, 80.51674640622058, 80.09280601896408, 80.29019907099357, 80.4299328468013, 81.3600798955577,
        81.24113504355965, 80.17797360986329, 80.19720420941569, 81.22113276761208, 80.58812528206244, 80.48625314539973, 80.36903114629587, 79.93622609364839, 80.15572604608104, 80.3880669587676,
        80.58382984735111, 80.9341515193451, 80.65365417584393, 80.25182036992652, 80.22820101558698, 80.10207027126904, 80.40186216291126, 80.14183364620521, 80.0930130657661, 81.62071058175255,
        80.97358566482873, 80.20598995845934, 80.35434815628079, 80.30436437235058, 84.09477649315065, 80.08088404151306, 80.81434397735372, 80.84166082133801, 80.46855560150574, 80.22091932304896
    ]
}
