{
    "x_list": [
        [
            5,
            6,
            10
        ]
    ],
    "y_lists": [
        [
            [
                3.1842305660247803,
                3.0734033584594727,
                4.18943977355957
            ],
            [
                3.0567588806152344,
                3.030148983001709,
                4.111190319061279
            ],
            [
                3.0720620155334473,
                3.14609432220459,
                4.8171162605285645
            ]
        ]
    ],
    "titles": [
        "Respons time comparison"
    ],
    "xlabels": [
        "Loops Index"
    ],
    "ylabels": [
        "Response Time"
    ],
    "smooth": false,
    "window_size": 2,
    "legends": [
        "round-robin",
        "min-entropy",
        "least-connect"
    ]
}