{
    "x_list": [
        [
            5,
            6,
            10
        ]
    ],
    "y_lists": [
        [
            [
                3.1792397499084473,
                3.185609817504883,
                3.897212505340576
            ],
            [
                3.075150728225708,
                3.096477508544922,
                3.8329222202301025
            ],
            [
                3.0767197608947754,
                3.134434938430786,
                4.012352228164673
            ]
        ]
    ],
    "titles": [
        "Respons time comparison"
    ],
    "xlabels": [
        "Loops Index"
    ],
    "ylabels": [
        "Response Time"
    ],
    "smooth": false,
    "window_size": 2,
    "legends": [
        "round-robin",
        "min-entropy",
        "least-connect"
    ]
}