{
    "request_number": [247538, 497945, 410321, 239806, 199099, 110332, 365748, 296281, 392386, 372431, 321242, 408315, 423438, 471312, 116870, 212061, 396406, 254234, 230169, 360194],
    "predicted_processing_time": [
        5.836461067199707, 9.90332317352295, 5.114596366882324, 5.836461067199707, 11.82536506652832, 4.61251974105835, 2.0239241123199463, 14.869537353515625, 12.702749252319336, 12.250503540039062,
        8.48146915435791, 10.573993682861328, 11.538187026977539, 7.481689929962158, 10.69640827178955, 1.8161108493804932, 5.726076602935791, 5.549977779388428, 12.308387756347656, 15.906598091125488
    ],
    "response_time": [null, null, null, null, null, null, null, null, null, null, null, null, null, null, null, null, null, null, null, null],
    "waiting_jobs": [null, null, null, null, null, null, null, null, null, null, null, null, null, null, null, null, null, null, null, null],
    "real_waiting_time": [
        0.002349853515625, 2.575913190841675, 10.586941003799438, 14.820348262786865, 19.70614004135132, 28.892484426498413, 32.71605443954468, 34.43800377845764, 46.22336030006409,
        56.339455127716064, 65.91185569763184, 72.70749187469482, 81.10717177391052, 90.16551685333252, 96.2149589061737, 104.40477728843689, 106.00476360321045, 109.46765208244324,
        113.96676135063171, 123.60330867767334
    ],
    "cpu_spent_usage": [
        80.26200910180857, 80.19862726512945, 80.76501191850711, 80.43714980025109, 80.4107229898412, 79.7714646820203, 80.88041267392849, 80.19391955776085, 80.01337579564807, 80.24929964047148,
        80.34857601165736, 80.29935863923897, 80.18984538041545, 80.1606559861943, 80.17046591710762, 81.20618593156571, 80.80047914569697, 80.46583614966794, 80.25072439997692, 80.12736999627808
    ]
}
